Date,Description,Amount,Category
2024-11-15,Water Bill Cash,1146,Bills & Rent
2024-10-09,Doctor Visit Bill,1962,Health
2024-12-29,Doctor Visit,2834,Health
2024-10-02,House Rent Mar,25540,Bills & Rent
2024-10-15,Medical Store,1504,Shopping
2024-12-03,Doctor Visit Bill,2295,Health
2024-06-22,Electricity Bill,9252,Bills & Rent
2024-04-28,Grocery Store,6382,Shopping
2024-10-09,Medicine Purchase Mar,1905,Health
2024-05-17,Petrol Online,7215,Transport
2024-10-12,Family Outing,3642,Entertainment
2024-07-02,Lab Test,3941,Health
2024-01-29,Online Order Online,5697,Shopping
2024-12-09,Petrol,4437,Transport
2024-07-31,Office Lunch Jan,381,Food
2024-05-26,Grocery Store Monthly,7970,Shopping
2024-03-02,Rickshaw,234,Transport
2024-09-23,Office Lunch,456,Food
2024-02-22,University Fee,13922,Education
2024-07-07,Netflix,1254,Entertainment
2024-04-26,Fruit Vendor,425,Food
2024-12-11,Shoes,2046,Shopping
2024-03-27,Chai,101,Food
2024-10-01,Home Groceries Cash,4528,Food
2024-12-26,Rickshaw Monthly,295,Transport
2024-03-28,Stationery,956,Education
2024-03-31,Medicine Purchase,910,Health
2024-03-04,Netflix,1274,Entertainment
2024-08-29,House Rent,39570,Bills & Rent
2024-08-04,Milk Bill,239,Food
2024-09-18,Clothes Shopping,4701,Shopping
2024-08-06,Family Outing,2224,Entertainment
2024-11-19,Shoes Online,2373,Shopping
2024-08-06,Student Biryani Mar,242,Food
2024-03-31,Internet Bill,2173,Bills & Rent
2024-05-26,Medical Store Bill,573,Shopping
2024-04-10,Bykea Ride Mar,297,Transport
2024-10-23,Books Purchase Cash,1204,Education
2024-08-12,Internet Bill,2065,Bills & Rent
2024-10-06,Bus Ticket,68,Transport
2024-05-19,Doctor Visit Payment,2568,Health
2024-08-10,Grocery Store Cash,3394,Shopping
2024-05-03,House Rent,36866,Bills & Rent
2024-08-21,Family Dinner,2981,Food
2024-01-28,Clothes Shopping,2375,Shopping
2024-05-17,Clothes Shopping,4148,Shopping
2024-11-04,Stationery,396,Education
2024-10-14,Doctor Visit,2093,Health
2024-04-07,Family Dinner,1546,Food
2024-10-26,Netflix Jan,1243,Entertainment
2024-09-02,Student Biryani Monthly,317,Food
2024-10-09,Medicine Purchase,2997,Health
2024-05-05,Family Outing,2328,Entertainment
2024-04-06,Clothes Shopping,5602,Shopping
2024-01-15,Medical Store Feb,2093,Shopping
2024-06-29,Doctor Visit,2621,Health
2024-12-28,Water Bill,337,Bills & Rent
2024-04-29,Family Outing,2780,Entertainment
2024-04-12,Student Biryani Payment,280,Food
2024-05-20,Office Lunch,366,Food
2024-01-07,Netflix Bill,1075,Entertainment
2024-06-29,Family Outing,4114,Entertainment
2024-02-13,Lab Test Mar,3818,Health
2024-12-07,Bike Service Payment,1814,Transport
2024-06-29,Internet Bill,2763,Bills & Rent
2024-07-08,Internet Bill,2697,Bills & Rent
2024-08-20,Lab Test Jan,1147,Health
2024-03-12,Doctor Visit Payment,2188,Health
2024-10-26,University Fee,21959,Education
2024-11-16,Rickshaw,218,Transport
2024-01-16,Cinema Bill,757,Entertainment
2024-02-03,Lab Test,3567,Health
2024-01-08,House Rent,38143,Bills & Rent
2024-02-29,Bike Service Payment,1899,Transport
2024-06-10,Bike Service Cash,963,Transport
2024-04-13,Shoes,4199,Shopping
2024-03-31,Bike Service,1007,Transport
2024-10-22,House Rent,40347,Bills & Rent
2024-09-26,Gas Bill,1455,Bills & Rent
2024-10-29,Doctor Visit,1988,Health
2024-03-23,Office Lunch,454,Food
2024-04-20,Doctor Visit Online,2530,Health
2024-08-17,Gas Bill,1564,Bills & Rent
2024-10-06,Lab Test,1827,Health
2024-04-11,Mobile Package,1495,Bills & Rent
2024-01-25,Stationery Cash,584,Education
2024-04-03,Lab Test,2444,Health
2024-01-24,Milk Cash,293,Food
2024-09-07,House Rent,23236,Bills & Rent
2024-08-14,Home Groceries,3515,Food
2024-11-27,Netflix,947,Entertainment
2024-09-28,Lab Test,1317,Health
2024-03-08,Books Purchase,1890,Education
2024-04-03,Online Order,2361,Shopping
2024-12-11,Clothes Shopping,3753,Shopping
2024-04-16,Petrol,5406,Transport
2024-05-16,University Fee,19740,Education
2024-08-18,Mobile Package,1293,Bills & Rent
2024-09-10,Fruit Vendor Jan,759,Food
2024-03-13,Mobile Package Cash,1250,Bills & Rent
2024-09-17,Lab Test Online,3772,Health
2024-08-24,Netflix,1207,Entertainment
2024-05-22,Stationery,734,Education
2024-05-17,Cinema,942,Entertainment
2024-02-03,Lab Test,3488,Health
2024-05-13,Fruit Vendor,492,Food
2024-10-23,Bike Service,1152,Transport
2024-02-03,Electricity Bill Online,5634,Bills & Rent
2024-04-07,Student Biryani,299,Food
2024-08-17,Clothes Shopping Monthly,2681,Shopping
2024-10-15,Student Biryani,201,Food
2024-08-12,Family Outing Payment,2524,Entertainment
2024-11-08,Books Purchase,1792,Education
2024-11-25,Water Bill,1423,Bills & Rent
2024-02-29,Books Purchase Payment,1578,Education
2024-04-29,Stationery Jan,675,Education
2024-10-04,Family Outing,3457,Entertainment
2024-10-12,Medicine Purchase,2044,Health
2024-12-30,Medicine Purchase Monthly,2861,Health
2024-09-10,Doctor Visit,2315,Health
2024-03-15,Family Dinner,1228,Food
2024-01-04,Cinema,910,Entertainment
2024-07-31,Internet Bill,3434,Bills & Rent
2024-11-16,Doctor Visit,1083,Health
2024-04-12,Books Purchase,1699,Education
2024-05-02,Medicine Purchase,1855,Health
2024-06-10,University Fee,21329,Education
2024-02-15,Clothes Shopping,5831,Shopping
2024-03-05,Clothes Shopping,3746,Shopping
2024-01-25,Books Purchase,1776,Education
2024-12-25,Chai,123,Food
2024-10-18,Mobile Package,1047,Bills & Rent
2024-04-21,Student Biryani,337,Food
2024-09-07,Netflix,1042,Entertainment
2024-07-26,Books Purchase,1490,Education
2024-06-19,Online Order,4155,Shopping
2024-08-16,Milk Payment,253,Food
2024-06-22,Clothes Shopping,2228,Shopping
2024-11-15,Family Dinner,2006,Food
2024-05-20,Fruit Vendor,779,Food
2024-11-13,Petrol,7735,Transport
2024-08-31,University Fee,22039,Education
2024-01-27,Medicine Purchase,1135,Health
2024-04-30,Netflix,1172,Entertainment
2024-07-12,Family Dinner,1640,Food
2024-01-18,Doctor Visit,888,Health
2024-01-04,University Fee,24127,Education
2024-11-14,Lab Test Payment,1265,Health
2024-10-10,Electricity Bill,6572,Bills & Rent
2024-05-20,Water Bill,1037,Bills & Rent
2024-02-07,Family Dinner Cash,1748,Food
2024-03-01,Medicine Purchase Online,1450,Health
2024-11-07,Shoes,2031,Shopping
2024-06-25,Electricity Bill Online,8397,Bills & Rent
2024-06-19,Bike Service,1574,Transport
2024-12-06,Medicine Purchase,1945,Health
2024-11-19,Student Biryani,249,Food
2024-10-31,Family Outing,3524,Entertainment
2024-05-02,Netflix,1104,Entertainment
2024-08-13,Bykea Ride,149,Transport
2024-01-06,House Rent,44888,Bills & Rent
2024-09-02,Petrol Feb,4757,Transport
2024-09-24,Doctor Visit,2023,Health
2024-09-28,Gas Bill,1173,Bills & Rent
2024-04-03,Gas Bill,645,Bills & Rent
2024-03-03,Online Order,5594,Shopping
2024-01-25,Online Order,1282,Shopping
2024-03-04,Books Purchase,2228,Education
2024-11-07,Cinema Cash,1230,Entertainment
2024-07-21,Electricity Bill,8930,Bills & Rent
2024-06-26,Lab Test,2367,Health
2024-11-02,Clothes Shopping Mar,5753,Shopping
2024-10-30,Petrol,3985,Transport
2024-01-20,Bus Ticket,76,Transport
2024-10-03,Medicine Purchase,1190,Health
2024-04-24,Doctor Visit,1283,Health
2024-02-26,Medical Store Monthly,2738,Shopping
2024-01-16,Electricity Bill,5028,Bills & Rent
2024-01-13,Water Bill Online,1407,Bills & Rent
2024-02-20,Home Groceries,5553,Food
2024-02-26,Medicine Purchase,741,Health
2024-03-12,Lab Test Monthly,2248,Health
2024-05-23,Gas Bill Mar,1062,Bills & Rent
2024-12-26,Doctor Visit,2805,Health
2024-12-12,Student Biryani,317,Food
2024-09-06,University Fee,20640,Education
2024-02-28,Home Groceries Bill,4525,Food
2024-10-16,University Fee,12689,Education
2024-01-22,University Fee,12350,Education
2024-10-12,Gas Bill,738,Bills & Rent
2024-09-26,Family Outing,3306,Entertainment
2024-12-26,Books Purchase,2463,Education
2024-12-24,Rickshaw,267,Transport
2024-03-11,Family Outing,1848,Entertainment
2024-09-30,Bus Ticket,113,Transport
2024-01-18,University Fee Cash,20828,Education
2024-06-22,Bus Ticket,87,Transport
2024-10-05,University Fee Mar,9075,Education
2024-05-31,Student Biryani,344,Food
2024-03-20,Office Lunch,416,Food
2024-12-17,Netflix Jan,964,Entertainment
2024-06-09,Medicine Purchase,2689,Health
2024-06-25,Family Outing Mar,2410,Entertainment
2024-01-26,Electricity Bill Payment,9111,Bills & Rent
2024-04-22,Grocery Store,2862,Shopping
2024-09-07,Books Purchase Monthly,2684,Education
2024-02-22,Lab Test Payment,2297,Health
2024-07-27,Medicine Purchase Monthly,2613,Health
2024-12-13,Cinema Mar,987,Entertainment
2024-10-30,Chai,68,Food
2024-06-26,Stationery Jan,349,Education
2024-06-08,Petrol Bill,4907,Transport
2024-07-27,House Rent,35895,Bills & Rent
2024-01-20,Medical Store,3441,Shopping
2024-07-06,Doctor Visit,821,Health
2024-04-12,Student Biryani Payment,335,Food
2024-06-05,Stationery,1007,Education
2024-02-07,Family Outing,2879,Entertainment
2024-09-07,Medicine Purchase,2427,Health
2024-07-30,Stationery,1037,Education
2024-04-16,Mobile Package,641,Bills & Rent
2024-04-15,Electricity Bill Jan,6314,Bills & Rent
2024-01-21,Medicine Purchase Online,2572,Health
2024-10-22,Books Purchase,2346,Education
2024-11-23,Office Lunch,466,Food
2024-10-28,Student Biryani,249,Food
2024-06-04,Books Purchase Mar,1620,Education
2024-12-22,Internet Bill Cash,3884,Bills & Rent
2024-09-17,Clothes Shopping,3085,Shopping
2024-01-24,Doctor Visit,801,Health
2024-12-05,Doctor Visit,1401,Health
2024-01-17,Cinema,791,Entertainment
2024-09-06,Rickshaw,107,Transport
2024-12-15,Family Outing,3312,Entertainment
2024-05-19,Office Lunch,317,Food
2024-01-21,Office Lunch,441,Food
2024-04-12,Grocery Store Monthly,7873,Shopping
2024-08-24,Mobile Package Monthly,979,Bills & Rent
2024-03-14,Family Outing,2582,Entertainment
2024-04-12,University Fee,15134,Education
2024-07-21,Lab Test,1356,Health
2024-09-19,House Rent,21329,Bills & Rent
2024-02-27,Cinema,1338,Entertainment
2024-02-12,Doctor Visit,960,Health
2024-07-17,Office Lunch,415,Food
2024-12-18,Clothes Shopping,4603,Shopping
2024-08-19,Doctor Visit Online,1514,Health
2024-01-17,Lab Test Feb,3728,Health
2024-02-02,Bus Ticket,100,Transport
2024-11-20,Office Lunch,321,Food
2024-07-24,Petrol Monthly,5277,Transport
2024-04-20,Office Lunch,349,Food
2024-03-19,Doctor Visit Online,1123,Health
2024-01-07,Water Bill Feb,1370,Bills & Rent
2024-01-26,Stationery Monthly,975,Education
2024-01-15,Petrol Mar,7664,Transport
2024-04-29,Electricity Bill Mar,11034,Bills & Rent
2024-07-07,Doctor Visit Feb,2835,Health
2024-01-26,Online Order,5427,Shopping
2024-11-02,Gas Bill,1486,Bills & Rent
2024-07-19,Water Bill,943,Bills & Rent
2024-07-23,Mobile Package Online,1418,Bills & Rent
2024-05-03,Lab Test,1838,Health
2024-02-11,Bykea Ride,176,Transport
2024-01-14,Family Outing Bill,4059,Entertainment
2024-04-30,Bike Service Payment,1463,Transport
2024-07-09,Lab Test,2634,Health
2024-08-09,Bike Service,1746,Transport
2024-10-31,Gas Bill,667,Bills & Rent
2024-08-15,University Fee Monthly,23893,Education
2024-08-06,Gas Bill Feb,1362,Bills & Rent
2024-11-16,Petrol Bill,4902,Transport
2024-05-10,Medicine Purchase,2437,Health
2024-01-06,Family Outing Bill,3986,Entertainment
2024-12-09,Stationery,319,Education
2024-09-11,Bykea Ride,290,Transport
2024-02-26,Books Purchase,898,Education
2024-02-23,Bus Ticket,111,Transport
2024-01-21,Doctor Visit,852,Health
2024-06-18,Stationery,533,Education
2024-04-12,Medicine Purchase Mar,1035,Health
2024-09-25,Bike Service,730,Transport
2024-01-28,Doctor Visit,1891,Health
2024-01-07,Books Purchase Jan,2211,Education
2024-01-26,Doctor Visit,1961,Health
2024-05-25,Grocery Store,6593,Shopping
2024-09-01,Mobile Package,831,Bills & Rent
2024-09-11,Clothes Shopping,2136,Shopping
2024-02-21,Bike Service Payment,1326,Transport
2024-02-19,Electricity Bill Feb,7889,Bills & Rent
2024-02-08,Cinema,1010,Entertainment
2024-08-28,Rickshaw Monthly,247,Transport
2024-06-13,Family Outing Payment,4383,Entertainment
2024-09-12,University Fee,22939,Education
2024-01-21,Doctor Visit,1313,Health
2024-04-23,Medicine Purchase Bill,464,Health
2024-03-22,Rickshaw,134,Transport
2024-03-02,Netflix,993,Entertainment
2024-11-14,Chai,64,Food
2024-10-05,Stationery,1032,Education
2024-03-11,Lab Test,3755,Health
2024-02-16,Stationery,1056,Education
2024-09-29,University Fee,9930,Education
2024-06-03,Cinema,1490,Entertainment
2024-02-16,Internet Bill,3881,Bills & Rent
2024-11-24,Medicine Purchase,707,Health
2024-01-30,Grocery Store,6262,Shopping
2024-04-09,Family Outing,1622,Entertainment
2024-02-11,Petrol Online,8698,Transport
2024-03-08,Netflix,1193,Entertainment
2024-06-22,Fruit Vendor Payment,791,Food
2024-08-16,University Fee,20257,Education
2024-01-04,Books Purchase,2869,Education
2024-09-06,Netflix,1254,Entertainment
2024-09-05,Medicine Purchase Jan,2118,Health
2024-09-06,Lab Test,2942,Health
2024-03-16,Gas Bill Mar,1474,Bills & Rent
2024-02-27,Internet Bill Payment,2289,Bills & Rent
2024-11-11,Gas Bill,1009,Bills & Rent
2024-05-26,Mobile Package,957,Bills & Rent
2024-09-23,Grocery Store Monthly,7433,Shopping
2024-05-03,University Fee,17665,Education
2024-06-14,Family Dinner Jan,1404,Food
2024-05-03,Student Biryani,349,Food
2024-12-05,Doctor Visit,2690,Health
2024-10-25,Medical Store Payment,2853,Shopping
2024-12-22,Milk,268,Food
2024-12-23,Rickshaw Jan,146,Transport
2024-05-29,Family Dinner,2436,Food
2024-04-28,Bike Service,1693,Transport
2024-03-01,Family Dinner Payment,1538,Food
2024-11-24,Stationery Cash,404,Education
2024-02-27,Milk Payment,245,Food
2024-12-04,University Fee,19655,Education
2024-03-12,Family Outing Bill,3728,Entertainment
2024-07-13,Doctor Visit,2313,Health
2024-02-04,House Rent Jan,22523,Bills & Rent
2024-08-24,Family Outing Jan,1720,Entertainment
2024-12-16,Electricity Bill,11620,Bills & Rent
2024-08-12,Doctor Visit Cash,877,Health
2024-11-19,University Fee Cash,19297,Education
2024-01-20,Medical Store,2845,Shopping
2024-01-30,Bike Service,1017,Transport
2024-09-20,Lab Test,2682,Health
2024-04-03,Electricity Bill,2596,Bills & Rent
2024-12-25,Water Bill Online,470,Bills & Rent
2024-12-19,Chai,90,Food
2024-11-12,Doctor Visit,2680,Health
2024-06-05,Bykea Ride Cash,224,Transport
2024-01-16,Petrol Monthly,4418,Transport
2024-11-21,Chai Feb,69,Food
2024-09-03,Chai Cash,73,Food
2024-07-29,Gas Bill Feb,1174,Bills & Rent
2024-11-06,Clothes Shopping,5637,Shopping
2024-12-18,Family Outing,2696,Entertainment
2024-03-17,Family Outing,2416,Entertainment
2024-07-02,Stationery,865,Education
2024-11-02,Stationery,1159,Education
2024-12-09,Clothes Shopping,5016,Shopping
2024-05-20,Gas Bill,545,Bills & Rent
2024-01-16,Netflix,1270,Entertainment
2024-02-06,Books Purchase,2018,Education
2024-07-10,Bus Ticket,63,Transport
2024-09-08,Family Dinner,1834,Food
2024-08-08,Family Outing,4343,Entertainment
2024-08-15,Grocery Store,5281,Shopping
2024-07-25,Office Lunch Feb,497,Food
2024-07-23,Doctor Visit Payment,2915,Health
2024-01-22,Books Purchase Feb,1375,Education
2024-10-05,Petrol,3181,Transport
2024-01-21,University Fee Mar,24904,Education
2024-12-09,Fruit Vendor,327,Food
2024-05-17,Books Purchase Jan,2369,Education
2024-03-11,House Rent Online,32701,Bills & Rent
2024-08-08,House Rent Online,36212,Bills & Rent
2024-10-23,Netflix,1017,Entertainment
2024-03-02,Doctor Visit,1769,Health
2024-08-24,Medicine Purchase Cash,1725,Health
2024-11-24,Rickshaw,192,Transport
2024-03-21,Shoes,2829,Shopping
2024-07-27,Mobile Package Mar,1235,Bills & Rent
2024-05-31,Gas Bill,1074,Bills & Rent
2024-05-30,Cinema Jan,1063,Entertainment
2024-05-14,Mobile Package,1383,Bills & Rent
2024-09-18,Stationery,1200,Education
2024-08-08,Chai Monthly,103,Food
2024-09-14,Grocery Store,7285,Shopping
2024-02-13,Bike Service,1771,Transport
2024-06-03,University Fee Payment,13004,Education
2024-12-16,Internet Bill,3218,Bills & Rent
2024-05-16,Fruit Vendor,791,Food
2024-08-11,Bike Service,1288,Transport
2024-06-05,Bykea Ride,193,Transport
2024-04-17,Rickshaw Mar,286,Transport
2024-05-26,Family Outing,2400,Entertainment
2024-02-22,Office Lunch Bill,328,Food
2024-10-31,Mobile Package,1117,Bills & Rent
2024-05-01,Rickshaw,207,Transport
2024-10-14,Family Outing,1926,Entertainment
2024-03-08,Water Bill,378,Bills & Rent
2024-08-13,Lab Test,1415,Health
2024-09-07,Lab Test,1194,Health
2024-11-30,Shoes Bill,2724,Shopping
2024-01-27,Doctor Visit,1490,Health
2024-12-12,Rickshaw,175,Transport
2024-10-19,Clothes Shopping,2821,Shopping
2024-05-22,Family Dinner,1869,Food
2024-10-09,Medicine Purchase Online,2950,Health
2024-06-19,Books Purchase,2060,Education
2024-06-27,Mobile Package Payment,1304,Bills & Rent
2024-01-05,Internet Bill,2696,Bills & Rent
2024-09-16,Milk,280,Food
2024-08-03,Bykea Ride,200,Transport
2024-04-28,Shoes,4225,Shopping
2024-03-24,Medical Store,330,Shopping
2024-02-15,Bykea Ride,232,Transport
2024-03-08,Family Outing,4395,Entertainment
2024-08-14,Bykea Ride Feb,143,Transport
2024-03-14,Doctor Visit Online,2825,Health
2024-11-06,Fruit Vendor,699,Food
2024-09-18,Fruit Vendor,380,Food
2024-08-06,Cinema Feb,916,Entertainment
2024-10-04,Water Bill Online,438,Bills & Rent
2024-05-20,Clothes Shopping,4929,Shopping
2024-11-29,Stationery,844,Education
2024-02-28,Bus Ticket,116,Transport
2024-11-23,University Fee Mar,23499,Education
2024-02-24,Bus Ticket,75,Transport
2024-05-26,Medical Store,848,Shopping
2024-08-26,Netflix,1088,Entertainment
2024-05-06,Electricity Bill,6483,Bills & Rent
2024-07-30,Cinema Payment,1270,Entertainment
2024-09-29,Medicine Purchase,1598,Health
2024-04-06,Fruit Vendor,458,Food
2024-11-28,Netflix,905,Entertainment
2024-10-08,Bike Service Feb,1080,Transport
2024-03-21,Doctor Visit,1318,Health
2024-09-14,Rickshaw,287,Transport
2024-10-21,Medicine Purchase,1194,Health
2024-01-25,Bus Ticket,99,Transport
2024-06-18,Books Purchase,1767,Education
2024-11-11,Lab Test,3779,Health
2024-07-12,Internet Bill,1935,Bills & Rent
2024-07-05,Medical Store Jan,2984,Shopping
2024-06-15,Electricity Bill Cash,9509,Bills & Rent
2024-04-01,Petrol,6440,Transport
2024-08-10,Clothes Shopping,5425,Shopping
2024-03-20,Milk,188,Food
2024-09-16,Cinema,1255,Entertainment
2024-07-03,Mobile Package Bill,1223,Bills & Rent
2024-01-14,Netflix,1016,Entertainment
2024-08-05,Stationery,690,Education
2024-06-14,University Fee Monthly,10769,Education
2024-09-02,University Fee,17573,Education
2024-07-19,Bike Service,1452,Transport
2024-09-18,Milk,272,Food
2024-03-22,Internet Bill Online,2399,Bills & Rent
2024-11-06,Medical Store,2357,Shopping
2024-05-01,Medicine Purchase Online,1291,Health
2024-03-08,Cinema,655,Entertainment
2024-07-02,Student Biryani Payment,307,Food
2024-04-17,Grocery Store,2525,Shopping
2024-04-07,Home Groceries,5380,Food
2024-09-01,Student Biryani Online,222,Food
2024-02-22,Books Purchase,1642,Education
2024-04-30,Home Groceries,3610,Food
2024-09-19,Cinema,1142,Entertainment
2024-01-12,Cinema,1078,Entertainment
2024-12-12,House Rent,22459,Bills & Rent
2024-02-05,Home Groceries,2985,Food
2024-12-03,Petrol Cash,6063,Transport
2024-11-04,Stationery,1017,Education
2024-07-07,Chai Cash,118,Food
2024-02-11,Doctor Visit,1636,Health
2024-04-04,Family Outing,3153,Entertainment
2024-02-06,Gas Bill,437,Bills & Rent
2024-04-02,Doctor Visit,1313,Health
2024-07-26,Chai,62,Food
2024-12-14,Cinema,1046,Entertainment
2024-06-14,Shoes,3448,Shopping
2024-10-09,Medical Store Mar,3349,Shopping
2024-06-08,Office Lunch,460,Food
2024-05-31,Online Order,2927,Shopping
2024-04-16,Clothes Shopping,5290,Shopping
2024-03-30,Doctor Visit Payment,2554,Health
2024-08-31,Milk,208,Food
2024-09-25,Shoes,3611,Shopping
2024-10-06,House Rent,38712,Bills & Rent
2024-02-03,Lab Test,1453,Health
2024-09-11,Cinema,736,Entertainment
2024-07-30,Family Outing,2417,Entertainment
2024-02-02,Fruit Vendor Feb,701,Food
2024-08-09,Family Outing Monthly,4456,Entertainment
2024-02-23,Medicine Purchase Jan,966,Health
2024-08-22,Medicine Purchase,577,Health
2024-12-26,Milk,229,Food
2024-04-21,Cinema,813,Entertainment
2024-08-15,Cinema,1109,Entertainment
2024-10-27,Stationery,677,Education
2024-03-17,Bus Ticket,54,Transport
2024-04-01,Bus Ticket Bill,71,Transport
2024-03-08,Student Biryani,335,Food
2024-03-30,Lab Test Online,1375,Health
2024-01-29,Doctor Visit,1731,Health
2024-08-24,Bike Service Online,1823,Transport
2024-10-05,Milk,268,Food
2024-01-02,Netflix,1102,Entertainment
2024-05-17,Doctor Visit,2383,Health
2024-12-09,Shoes,1565,Shopping
2024-08-04,Family Dinner,2896,Food
2024-08-05,University Fee,17586,Education
2024-04-08,Bykea Ride,139,Transport
2024-07-25,Stationery,1125,Education
2024-04-10,Chai Mar,139,Food
2024-02-21,Bykea Ride,274,Transport
2024-05-25,Chai Online,136,Food
2024-09-09,Grocery Store Jan,5272,Shopping
2024-01-03,University Fee,11696,Education
2024-03-30,Netflix,1065,Entertainment
2024-10-14,Bus Ticket,94,Transport
2024-03-06,Online Order,4419,Shopping
2024-07-25,Family Outing,3754,Entertainment
2024-01-31,Stationery Payment,871,Education
2024-04-21,Medicine Purchase Payment,453,Health
2024-01-05,Netflix Monthly,1241,Entertainment
2024-11-24,Mobile Package Cash,1390,Bills & Rent
2024-08-19,Shoes,3025,Shopping
2024-05-03,Family Outing Feb,1647,Entertainment
2024-06-06,Office Lunch,419,Food
2024-05-08,Doctor Visit,1695,Health
2024-01-24,Bykea Ride,231,Transport
2024-08-27,Petrol,4848,Transport
2024-06-16,Office Lunch,493,Food
2024-02-10,Lab Test Mar,2895,Health
2024-09-10,Cinema Bill,1300,Entertainment
2024-10-16,Electricity Bill,5948,Bills & Rent
2024-11-25,Lab Test,1616,Health
2024-10-11,Cinema,1335,Entertainment
2024-11-17,Clothes Shopping,3813,Shopping
2024-08-23,Books Purchase,1854,Education
2024-12-20,Clothes Shopping,3714,Shopping
2024-05-31,Family Outing,3103,Entertainment
2024-02-03,Gas Bill,2220,Bills & Rent
2024-03-19,Mobile Package,546,Bills & Rent
2024-11-18,Lab Test Payment,3288,Health
2024-06-20,University Fee,18101,Education
2024-01-09,Cinema Jan,882,Entertainment
2024-08-18,Rickshaw Payment,160,Transport
2024-05-27,Petrol,3582,Transport
2024-02-14,Student Biryani,245,Food
2024-06-30,Doctor Visit,1043,Health
2024-04-30,Fruit Vendor Monthly,542,Food
2024-10-22,Student Biryani Payment,289,Food
2024-05-19,Student Biryani,339,Food
2024-06-26,University Fee,11450,Education
2024-08-16,Rickshaw Bill,244,Transport
2024-07-04,Internet Bill,2252,Bills & Rent
2024-05-12,Online Order,5308,Shopping
2024-10-27,Clothes Shopping,2356,Shopping
2024-08-06,Bykea Ride Mar,279,Transport
2024-03-10,Doctor Visit,2594,Health
2024-02-15,University Fee Cash,10503,Education
2024-11-15,Bus Ticket,89,Transport
2024-05-02,Stationery,417,Education
2024-05-09,Mobile Package,940,Bills & Rent
2024-10-04,Doctor Visit,2273,Health
2024-10-06,Family Outing Online,3496,Entertainment
2024-07-05,Petrol,7389,Transport
2024-04-28,Internet Bill,2002,Bills & Rent
2024-01-03,Home Groceries,4927,Food
2024-05-20,Bus Ticket,93,Transport
2024-09-30,Chai Online,91,Food
2024-04-17,Cinema,765,Entertainment
2024-12-01,Home Groceries Payment,2971,Food
2024-03-01,Family Outing Mar,2158,Entertainment
2024-05-22,Medicine Purchase,2899,Health
2024-07-06,Netflix,1234,Entertainment
2024-07-16,Family Outing,2720,Entertainment
2024-03-16,Internet Bill,2589,Bills & Rent
2024-06-13,Books Purchase Online,1519,Education
2024-08-04,Water Bill,448,Bills & Rent
2024-01-08,University Fee Monthly,13600,Education
2024-12-13,Student Biryani,312,Food
2024-06-18,Online Order,1239,Shopping
2024-04-11,Netflix Online,1279,Entertainment
2024-11-25,Fruit Vendor Monthly,467,Food
2024-03-02,Petrol,5173,Transport
2024-11-17,Netflix,1109,Entertainment
2024-04-12,Stationery,799,Education
2024-09-28,University Fee,17650,Education
2024-08-09,Petrol,7933,Transport
2024-08-25,Rickshaw,176,Transport
2024-10-16,Bus Ticket,76,Transport
2024-03-20,Books Purchase,1286,Education
2024-08-22,Mobile Package,637,Bills & Rent
2024-02-21,Books Purchase,886,Education
2024-12-30,Online Order Feb,1092,Shopping
2024-08-04,Bike Service,900,Transport
2024-04-15,Clothes Shopping Mar,3797,Shopping
2024-11-26,Internet Bill,1912,Bills & Rent
2024-12-28,Grocery Store,4472,Shopping
2024-08-19,Shoes,1714,Shopping
2024-03-14,Medicine Purchase,1209,Health
2024-01-08,Bike Service,1942,Transport
2024-02-07,University Fee,9035,Education
2024-02-25,Internet Bill,3725,Bills & Rent
2024-03-06,Lab Test,1821,Health
2024-08-16,House Rent,42570,Bills & Rent
2024-11-07,House Rent,21102,Bills & Rent
2024-12-29,Mobile Package Monthly,971,Bills & Rent
2024-09-22,Bykea Ride,136,Transport
2024-03-19,Doctor Visit,1604,Health
2024-02-07,Bykea Ride,269,Transport
2024-06-10,Internet Bill,2322,Bills & Rent
2024-03-28,Mobile Package Mar,1206,Bills & Rent
2024-01-17,Bus Ticket,115,Transport
2024-09-09,Medicine Purchase,483,Health
2024-10-31,Doctor Visit,2428,Health
2024-01-29,Mobile Package,1489,Bills & Rent
2024-11-02,Books Purchase,1577,Education
2024-12-14,Shoes,3217,Shopping
2024-09-26,House Rent,21294,Bills & Rent
2024-06-15,Doctor Visit,2687,Health
2024-06-10,Bus Ticket,114,Transport
2024-02-01,Books Purchase,805,Education
2024-11-21,Medical Store Online,1272,Shopping
2024-03-13,Bus Ticket,42,Transport
2024-08-05,Netflix,1221,Entertainment
2024-05-10,Stationery,716,Education
2024-05-26,Bus Ticket,63,Transport
2024-05-25,Internet Bill,2299,Bills & Rent
2024-04-03,Office Lunch,370,Food
2024-11-07,Medical Store,2632,Shopping
2024-06-18,Family Outing,1684,Entertainment
2024-03-29,Medical Store,1241,Shopping
2024-10-22,Doctor Visit,1905,Health
2024-02-02,Medicine Purchase Bill,2732,Health
2024-08-22,Bykea Ride,229,Transport
2024-08-12,Medicine Purchase Feb,2533,Health
2024-08-13,Lab Test,2261,Health
2024-05-10,Cinema,851,Entertainment
2024-05-06,Electricity Bill,9805,Bills & Rent
2024-12-02,Grocery Store Jan,6806,Shopping
2024-04-08,Netflix,1226,Entertainment
2024-11-20,Lab Test,3890,Health
2024-08-18,Internet Bill Bill,3229,Bills & Rent
2024-02-13,Gas Bill,698,Bills & Rent
2024-05-08,Books Purchase,2710,Education
2024-12-07,Mobile Package,868,Bills & Rent
2024-09-22,Bus Ticket,95,Transport
2024-04-09,Petrol Cash,8812,Transport
2024-08-20,Books Purchase,1917,Education
2024-11-08,Internet Bill,2380,Bills & Rent
2024-09-13,Grocery Store,6617,Shopping
2024-03-11,Doctor Visit Cash,1939,Health
2024-08-27,Rickshaw,253,Transport
2024-05-25,Bykea Ride,165,Transport
2024-11-05,University Fee,13615,Education
2024-04-17,Netflix,1285,Entertainment
2024-06-22,Stationery,1109,Education
2024-08-30,Fruit Vendor Online,793,Food
2024-04-26,Chai,138,Food
2024-10-04,Internet Bill Bill,2375,Bills & Rent
2024-06-05,Medicine Purchase Bill,1469,Health
2024-07-23,Medicine Purchase,1465,Health
2024-02-15,Petrol,7041,Transport
2024-06-16,Stationery,525,Education
2024-12-30,University Fee Feb,18293,Education
2024-02-05,Rickshaw,189,Transport
2024-05-27,Home Groceries,3729,Food
2024-02-22,Gas Bill Monthly,885,Bills & Rent
2024-06-19,Family Dinner,2254,Food
2024-04-15,Family Dinner,2848,Food
2024-05-24,Stationery,762,Education
2024-09-18,University Fee,18369,Education
2024-09-18,Office Lunch,301,Food
2024-10-10,Rickshaw,221,Transport
2024-08-04,Internet Bill Bill,2704,Bills & Rent
2024-10-17,Bus Ticket Online,106,Transport
2024-12-02,Cinema,826,Entertainment
2024-08-20,Fruit Vendor,769,Food
2024-12-09,Bykea Ride,278,Transport
2024-01-19,Lab Test,2837,Health
2024-06-30,University Fee,16987,Education
2024-02-06,Lab Test,3649,Health
2024-10-28,Medicine Purchase Monthly,1127,Health
2024-09-20,Doctor Visit,864,Health
2024-02-13,Electricity Bill Jan,6738,Bills & Rent
2024-01-30,Medicine Purchase Bill,2354,Health
2024-06-29,Cinema Online,939,Entertainment
2024-03-23,Gas Bill,840,Bills & Rent
2024-06-16,Family Outing Mar,2305,Entertainment
2024-03-29,Milk Feb,289,Food
2024-07-20,Grocery Store Cash,5944,Shopping
2024-07-20,Shoes,2029,Shopping
2024-03-20,Clothes Shopping,2428,Shopping
2024-04-22,Doctor Visit,2836,Health
2024-10-11,Netflix Cash,1137,Entertainment
2024-06-23,University Fee,14886,Education
2024-04-28,Electricity Bill Payment,11342,Bills & Rent
2024-04-29,Medicine Purchase,2463,Health
2024-06-04,Netflix,987,Entertainment
2024-09-13,Family Outing Payment,2578,Entertainment
2024-09-13,Lab Test Mar,2393,Health
2024-03-05,Medical Store,649,Shopping
2024-02-19,University Fee,20952,Education
2024-11-30,Home Groceries,2044,Food
2024-02-24,University Fee,9271,Education
2024-11-07,Netflix,1182,Entertainment
2024-06-15,Lab Test Mar,2491,Health
2024-07-11,Bus Ticket,68,Transport
2024-12-22,Lab Test,1678,Health
2024-05-11,Books Purchase,1293,Education
2024-11-06,Medical Store,1073,Shopping
2024-09-13,House Rent,27287,Bills & Rent
2024-05-07,Clothes Shopping,4966,Shopping
2024-04-15,Netflix Bill,1214,Entertainment
2024-06-10,Doctor Visit,2236,Health
2024-02-22,Bike Service Payment,1188,Transport
2024-02-24,Netflix Monthly,1146,Entertainment
2024-08-09,Internet Bill Jan,1841,Bills & Rent
2024-02-22,Electricity Bill,7327,Bills & Rent
2024-10-17,Water Bill,886,Bills & Rent
2024-01-27,Electricity Bill,7096,Bills & Rent
2024-12-27,Rickshaw Online,111,Transport
2024-12-25,Office Lunch,467,Food
2024-08-07,Family Outing,3239,Entertainment
2024-08-06,House Rent,35782,Bills & Rent
2024-07-01,University Fee,14303,Education
2024-06-08,Petrol,3946,Transport
2024-10-19,Family Dinner,2169,Food
2024-06-15,Student Biryani,237,Food
2024-09-30,Medical Store Cash,1656,Shopping
2024-11-22,Grocery Store,6165,Shopping
2024-03-03,University Fee,13816,Education
2024-07-19,Doctor Visit,1043,Health
2024-02-01,House Rent,36772,Bills & Rent
2024-01-21,Bykea Ride,284,Transport
2024-07-16,Rickshaw Feb,187,Transport
2024-03-01,Medicine Purchase,2714,Health
2024-03-28,Shoes,3565,Shopping
2024-01-20,Office Lunch Bill,376,Food
2024-06-28,Gas Bill,631,Bills & Rent
2024-10-02,Petrol Mar,8718,Transport
2024-04-26,University Fee,13057,Education
2024-04-28,Chai Bill,64,Food
2024-08-08,Petrol Jan,8561,Transport
2024-04-22,Medicine Purchase,1147,Health
2024-08-16,Family Dinner,2383,Food
2024-05-24,Books Purchase Monthly,1695,Education
2024-09-01,Home Groceries Monthly,5008,Food
2024-07-28,Cinema,993,Entertainment
2024-09-15,Petrol,5406,Transport
2024-04-09,Milk,287,Food
2024-12-19,Rickshaw,154,Transport
2024-06-08,House Rent Bill,43733,Bills & Rent
2024-11-15,Mobile Package,960,Bills & Rent
2024-07-05,Doctor Visit Mar,1120,Health
2024-02-26,Medicine Purchase,759,Health
2024-10-09,Netflix,994,Entertainment
2024-07-07,Clothes Shopping,3934,Shopping
2024-02-19,Bus Ticket Cash,42,Transport
2024-12-03,Electricity Bill Jan,7653,Bills & Rent
2024-08-07,Lab Test,1395,Health
2024-01-02,Medical Store Mar,2452,Shopping
2024-09-09,Netflix,1261,Entertainment
2024-06-04,Medicine Purchase,1741,Health
2024-03-07,Cinema,993,Entertainment
2024-01-01,Stationery,1110,Education
2024-09-14,Home Groceries,2417,Food
2024-11-07,Office Lunch,259,Food
2024-09-13,Fruit Vendor,679,Food
2024-06-12,Books Purchase,2275,Education
2024-11-01,Medicine Purchase,2118,Health
2024-07-16,Clothes Shopping Payment,3986,Shopping
2024-10-16,Grocery Store,2667,Shopping
2024-09-26,Internet Bill,3693,Bills & Rent
2024-11-18,University Fee,8004,Education
2024-03-18,Doctor Visit,1620,Health
2024-07-07,Lab Test Payment,1590,Health
2024-08-30,Rickshaw Bill,251,Transport
2024-02-08,University Fee,12181,Education
2024-12-03,Doctor Visit,1117,Health
2024-01-29,Lab Test,3391,Health
2024-08-18,Online Order,767,Shopping
2024-11-16,University Fee Jan,15380,Education
2024-10-14,Water Bill Cash,753,Bills & Rent
2024-01-09,Doctor Visit,861,Health
2024-04-14,Internet Bill,2312,Bills & Rent
2024-05-20,Home Groceries,2411,Food
2024-07-22,Lab Test,1812,Health
2024-01-18,Cinema,647,Entertainment
2024-07-31,House Rent,24268,Bills & Rent
2024-09-18,Doctor Visit,2391,Health
2024-05-28,Shoes,1935,Shopping
2024-04-30,Petrol,5050,Transport
2024-10-07,Medicine Purchase Online,2541,Health
2024-12-05,Netflix,1151,Entertainment
2024-09-01,Internet Bill,3912,Bills & Rent
2024-10-16,Bike Service,1804,Transport
2024-05-15,Lab Test,3359,Health
2024-05-25,Online Order,1771,Shopping
2024-10-01,Family Outing,4041,Entertainment
2024-11-07,Books Purchase Feb,1745,Education
2024-04-27,Chai,135,Food
2024-11-19,Books Purchase Jan,2987,Education
2024-07-05,Gas Bill,1036,Bills & Rent
2024-04-29,Books Purchase,1464,Education
2024-03-02,Gas Bill Feb,544,Bills & Rent
2024-04-08,Netflix,1199,Entertainment
2024-09-07,Bike Service,703,Transport
2024-09-07,Online Order Monthly,648,Shopping
2024-04-01,Medicine Purchase Monthly,1017,Health
2024-09-19,Doctor Visit,1771,Health
2024-05-30,Lab Test,2169,Health
2024-11-11,Doctor Visit,2340,Health
2024-06-02,Lab Test,2779,Health
2024-08-19,Stationery,907,Education
2024-09-05,Medical Store,301,Shopping
2024-05-09,Online Order,2263,Shopping
2024-03-30,Internet Bill,2311,Bills & Rent
2024-07-09,Books Purchase,1796,Education
2024-05-01,Fruit Vendor Payment,490,Food
2024-11-19,Cinema,1269,Entertainment
2024-02-14,Milk,265,Food
2024-02-03,Cinema,698,Entertainment
2024-01-12,Chai,81,Food
2024-04-23,University Fee Payment,17435,Education
2024-11-12,Family Outing Payment,3735,Entertainment
2024-07-05,Bike Service Online,1872,Transport
2024-04-04,Fruit Vendor,426,Food
2024-07-06,Books Purchase Monthly,1864,Education
2024-09-19,Milk,185,Food
2024-08-13,Lab Test Online,3311,Health
2024-09-19,Netflix Cash,1074,Entertainment
2024-01-19,Online Order,5356,Shopping
2024-03-15,Cinema,1114,Entertainment
2024-09-11,Cinema,904,Entertainment
2024-11-17,Family Outing,3823,Entertainment
2024-07-15,Online Order Monthly,2082,Shopping
2024-08-11,Bus Ticket,113,Transport
2024-04-06,Office Lunch Cash,255,Food
2024-10-17,Electricity Bill Online,9810,Bills & Rent
2024-11-30,Books Purchase Cash,836,Education
2024-05-04,Petrol,5189,Transport
2024-06-10,Cinema Feb,715,Entertainment
2024-07-05,Cinema Payment,667,Entertainment
2024-12-04,Internet Bill Payment,2004,Bills & Rent
2024-06-10,Electricity Bill Online,10920,Bills & Rent
2024-10-09,Stationery Cash,686,Education
2024-10-21,Electricity Bill,3196,Bills & Rent
2024-03-24,Family Outing Monthly,3577,Entertainment
2024-01-02,Milk,258,Food
2024-12-10,Stationery Bill,546,Education
2024-12-02,Bykea Ride,239,Transport
2024-07-08,Electricity Bill Monthly,10334,Bills & Rent
2024-09-03,Gas Bill,1790,Bills & Rent
2024-11-21,Rickshaw,112,Transport
2024-10-29,Stationery,916,Education
2024-10-12,Books Purchase,900,Education
2024-09-27,Medicine Purchase Cash,2488,Health
2024-12-15,Stationery,420,Education
2024-07-07,Books Purchase,2718,Education
2024-12-26,Family Dinner,1943,Food
2024-03-23,Online Order,5048,Shopping
2024-04-15,Medicine Purchase,1366,Health
2024-05-21,Netflix,922,Entertainment
2024-08-21,Stationery,532,Education
2024-03-25,Bykea Ride,282,Transport
2024-12-17,University Fee Bill,12752,Education
2024-02-19,Lab Test Mar,2131,Health
2024-12-12,University Fee Bill,12824,Education
2024-05-22,Bike Service,1899,Transport
2024-12-17,Medical Store Feb,1939,Shopping
2024-10-02,Books Purchase,2310,Education
2024-09-29,Netflix Monthly,991,Entertainment
2024-03-30,Family Dinner,2294,Food
2024-01-05,Lab Test Cash,1838,Health
2024-07-01,Medicine Purchase,1542,Health
2024-03-12,Doctor Visit Jan,811,Health
2024-08-13,Student Biryani,276,Food
2024-03-19,Medicine Purchase,1832,Health
2024-08-27,Online Order Jan,3530,Shopping
2024-06-21,Family Outing,4473,Entertainment
2024-12-28,Books Purchase,2756,Education
2024-03-31,Family Dinner,2582,Food
2024-06-29,Books Purchase,2145,Education
2024-12-19,University Fee Monthly,12556,Education
2024-04-25,Lab Test,1380,Health
2024-11-02,Rickshaw Jan,245,Transport
2024-11-11,Medicine Purchase Jan,1901,Health
2024-04-04,Shoes,2228,Shopping
2024-10-24,Medical Store,2305,Shopping
2024-01-27,Stationery Monthly,636,Education
2024-07-21,Stationery Payment,599,Education
2024-03-23,Home Groceries Monthly,4850,Food
2024-08-24,Netflix,1241,Entertainment
2024-06-13,Chai,77,Food
2024-08-18,Bykea Ride,164,Transport
2024-07-26,Shoes,3170,Shopping
2024-10-01,Water Bill,1433,Bills & Rent
2024-08-15,Clothes Shopping,2356,Shopping
2024-10-18,House Rent,37267,Bills & Rent
2024-01-04,Grocery Store,4035,Shopping
2024-11-10,Gas Bill,2333,Bills & Rent
2024-12-13,Electricity Bill,11723,Bills & Rent
2024-10-07,Petrol,3391,Transport
2024-01-18,Doctor Visit,814,Health
2024-12-23,Grocery Store,7948,Shopping
2024-05-30,Water Bill Bill,783,Bills & Rent
2024-07-18,Medicine Purchase,2282,Health
2024-04-17,Cinema,1313,Entertainment
2024-08-23,Grocery Store,3083,Shopping
2024-08-19,Medical Store Jan,796,Shopping
2024-11-29,Family Outing Cash,3076,Entertainment
2024-11-13,Mobile Package Feb,866,Bills & Rent
2024-02-20,Grocery Store,3394,Shopping
2024-09-05,Chai,102,Food
2024-04-12,Netflix,1163,Entertainment
2024-09-15,Petrol,5791,Transport
2024-04-23,Lab Test Monthly,3552,Health
2024-01-03,Bykea Ride Payment,150,Transport
2024-08-25,Doctor Visit Payment,1714,Health
2024-10-26,Rickshaw,288,Transport
2024-03-31,Stationery,661,Education
2024-08-04,Clothes Shopping,4344,Shopping
2024-05-07,Rickshaw,159,Transport
2024-04-30,Petrol,7274,Transport
2024-07-22,Gas Bill,2306,Bills & Rent
2024-06-28,House Rent,26043,Bills & Rent
2024-06-24,Medical Store,2824,Shopping
2024-04-02,Lab Test,3829,Health
2024-08-05,Family Outing Cash,3388,Entertainment
2024-12-05,Office Lunch,263,Food
2024-12-12,Books Purchase,1320,Education
2024-07-13,Family Dinner,1526,Food
2024-09-23,Water Bill,802,Bills & Rent
2024-12-02,Online Order,5811,Shopping
2024-02-13,Lab Test Online,2022,Health
2024-01-16,Chai,103,Food
2024-07-23,Books Purchase,1175,Education
2024-06-19,Stationery,680,Education
2024-09-15,Family Outing Mar,4239,Entertainment
2024-10-28,Medicine Purchase,2854,Health
2024-10-14,Stationery,800,Education
2024-10-15,Electricity Bill,3488,Bills & Rent
2024-12-26,Stationery Feb,526,Education
2024-03-09,Home Groceries,2448,Food
2024-07-01,Internet Bill,2125,Bills & Rent
2024-08-04,Lab Test,2086,Health
2024-09-01,Family Outing Feb,3297,Entertainment
2024-05-30,House Rent Mar,37633,Bills & Rent
2024-06-26,Lab Test,2830,Health
2024-10-27,Internet Bill,3584,Bills & Rent
2024-05-23,Stationery Mar,470,Education
2024-09-13,Milk,164,Food
2024-02-12,Clothes Shopping Payment,3132,Shopping
2024-08-30,Medicine Purchase,1822,Health
2024-01-23,Doctor Visit,2472,Health
2024-10-10,Medical Store Mar,2553,Shopping
2024-01-02,House Rent,42965,Bills & Rent
2024-10-02,Family Dinner,2083,Food
2024-08-24,Student Biryani,244,Food
2024-07-18,Stationery,621,Education
2024-01-16,Family Outing Cash,2279,Entertainment
2024-07-18,Lab Test,2381,Health
2024-03-26,Clothes Shopping Jan,2296,Shopping
2024-02-25,Netflix Bill,1056,Entertainment
2024-09-16,Doctor Visit,2400,Health
2024-07-16,Medical Store,2228,Shopping
2024-01-03,Books Purchase,1618,Education
2024-05-05,Lab Test Feb,3379,Health
2024-03-11,Family Dinner Cash,1357,Food
2024-08-03,Family Outing,2628,Entertainment
2024-03-11,Student Biryani,223,Food
2024-07-19,Stationery Monthly,987,Education
2024-03-12,Water Bill,1443,Bills & Rent
2024-10-30,Cinema,1267,Entertainment
2024-05-26,Bike Service Feb,889,Transport
2024-12-01,Books Purchase,2347,Education
2024-03-01,Doctor Visit,987,Health
2024-02-05,Medical Store,448,Shopping
2024-03-21,Family Dinner,1838,Food
2024-09-18,Petrol Cash,4942,Transport
2024-04-21,Rickshaw,208,Transport
2024-10-18,University Fee Monthly,20127,Education
2024-10-17,Family Outing,1512,Entertainment
2024-11-16,Gas Bill,2219,Bills & Rent
2024-10-14,Student Biryani,210,Food
2024-09-19,Cinema Jan,1115,Entertainment
2024-11-26,Petrol,3614,Transport
2024-04-26,Stationery Online,484,Education
2024-05-31,Lab Test,1983,Health
2024-07-24,Stationery,1042,Education
2024-02-29,Shoes,3492,Shopping
2024-09-24,Milk,190,Food
2024-07-30,Doctor Visit Jan,2751,Health
2024-09-30,Petrol,3058,Transport
2024-04-06,Water Bill,1334,Bills & Rent
2024-07-06,Family Outing Online,4371,Entertainment
2024-08-20,Medicine Purchase Mar,1271,Health
2024-06-29,Family Dinner,2849,Food
2024-04-17,University Fee,18017,Education
2024-04-20,Rickshaw Payment,166,Transport
2024-10-31,Medical Store,1248,Shopping
2024-02-01,Mobile Package,387,Bills & Rent
2024-04-07,Stationery,468,Education
2024-11-22,Clothes Shopping,4433,Shopping
2024-01-21,Family Outing Monthly,1676,Entertainment
2024-03-23,Clothes Shopping,2310,Shopping
2024-03-17,Lab Test,2553,Health
2024-02-12,Stationery Jan,335,Education
2024-02-16,Rickshaw Monthly,258,Transport
2024-11-26,Electricity Bill,8947,Bills & Rent
2024-11-07,Lab Test,3670,Health
2024-07-13,Family Outing,2850,Entertainment
2024-06-09,Shoes,2444,Shopping
2024-06-15,Netflix,1147,Entertainment
2024-10-12,Family Dinner,1400,Food
2024-11-12,Grocery Store,5028,Shopping
2024-11-11,Medicine Purchase,2741,Health
2024-08-26,Family Dinner Jan,2159,Food
2024-01-10,Clothes Shopping Payment,3915,Shopping
2024-01-18,Netflix,1000,Entertainment
2024-02-26,Netflix Bill,956,Entertainment
2024-03-12,University Fee Jan,10705,Education
2024-06-27,Petrol,8302,Transport
2024-10-06,Water Bill Payment,1393,Bills & Rent
2024-04-11,Electricity Bill,11649,Bills & Rent
2024-01-19,Family Outing Monthly,3835,Entertainment
2024-11-23,Petrol,3364,Transport
2024-07-13,Medicine Purchase,1348,Health
2024-08-31,Books Purchase,2181,Education
2024-08-19,Fruit Vendor Feb,689,Food
2024-07-02,Online Order,3287,Shopping
2024-01-15,Bike Service,1863,Transport
2024-09-24,Medical Store Cash,2625,Shopping
2024-06-09,Clothes Shopping,5997,Shopping
2024-10-10,Bus Ticket,61,Transport
2024-01-28,Water Bill,776,Bills & Rent
2024-10-31,University Fee Monthly,20529,Education
2024-01-07,Petrol,6504,Transport
2024-12-08,Bike Service Monthly,1460,Transport
2024-05-09,Milk,237,Food
2024-11-09,Online Order,4764,Shopping
2024-10-28,Chai Payment,128,Food
2024-12-10,Lab Test,2918,Health
2024-11-02,Cinema,1224,Entertainment
2024-05-17,Gas Bill,406,Bills & Rent
2024-12-02,Doctor Visit Online,865,Health
2024-08-28,Bus Ticket Online,86,Transport
2024-09-08,Water Bill Payment,949,Bills & Rent
2024-04-01,Medical Store Mar,441,Shopping
2024-09-16,Netflix,1161,Entertainment
2024-07-06,Family Outing,2311,Entertainment
2024-10-26,Electricity Bill,7754,Bills & Rent
2024-03-16,Clothes Shopping,4581,Shopping
2024-04-07,Home Groceries Monthly,3208,Food
2024-02-09,Chai,70,Food
2024-01-01,Netflix,1056,Entertainment
2024-08-19,House Rent,38960,Bills & Rent
2024-05-11,Netflix,1190,Entertainment
2024-04-16,Family Outing,4218,Entertainment
2024-03-17,Books Purchase,1468,Education
2024-06-08,Lab Test,1470,Health
2024-03-11,Family Outing,3004,Entertainment
2024-01-19,Home Groceries,2264,Food
2024-06-24,Mobile Package,1017,Bills & Rent
2024-03-22,Medical Store,3064,Shopping
2024-08-24,Mobile Package,590,Bills & Rent
2024-06-22,Books Purchase,2957,Education
2024-03-01,Family Dinner,1533,Food
2024-11-22,Medicine Purchase,2929,Health
2024-08-10,Grocery Store,4187,Shopping
2024-02-26,Lab Test Monthly,2955,Health
2024-07-08,Electricity Bill Feb,11010,Bills & Rent
2024-02-04,Stationery,238,Education
2024-07-28,Office Lunch Jan,433,Food
2024-05-05,Books Purchase,1444,Education
2024-07-23,Bus Ticket,102,Transport
2024-04-08,Bus Ticket,83,Transport
2024-11-12,Lab Test Bill,2699,Health
2024-04-23,Doctor Visit,2604,Health
2024-09-09,Lab Test,3275,Health
2024-08-01,Stationery,1130,Education
2024-07-01,Doctor Visit,2612,Health
2024-06-10,Family Outing,4440,Entertainment
2024-03-19,Shoes Payment,2144,Shopping
2024-09-23,Clothes Shopping Cash,5140,Shopping
2024-12-17,Office Lunch Jan,318,Food
2024-12-21,Office Lunch,392,Food
2024-09-29,Internet Bill,3661,Bills & Rent
2024-02-17,Medicine Purchase,1056,Health
2024-06-01,Grocery Store,5734,Shopping
2024-03-31,University Fee,23316,Education
2024-09-14,Bykea Ride,168,Transport
2024-08-02,Petrol Bill,3895,Transport
2024-08-31,Petrol Bill,3731,Transport
2024-12-10,Chai Cash,87,Food
2024-09-02,House Rent,43483,Bills & Rent
2024-01-15,Home Groceries Online,2113,Food
2024-01-20,Doctor Visit,2984,Health
2024-09-02,Bykea Ride,300,Transport
2024-09-14,Rickshaw,255,Transport
2024-06-05,Petrol Jan,8741,Transport
2024-08-23,Clothes Shopping,5793,Shopping
2024-05-21,Student Biryani Cash,239,Food
2024-06-16,Cinema Online,829,Entertainment
2024-11-26,Internet Bill Feb,3850,Bills & Rent
2024-05-10,Electricity Bill,10897,Bills & Rent
2024-02-22,Bike Service,854,Transport
2024-01-10,Stationery Cash,688,Education
2024-04-16,Bike Service Online,1222,Transport
2024-09-25,Online Order,1141,Shopping
2024-11-21,Family Outing,3782,Entertainment
2024-05-05,Clothes Shopping,5590,Shopping
2024-11-30,Medicine Purchase,599,Health
2024-12-24,Internet Bill,2173,Bills & Rent
2024-12-01,Netflix,1286,Entertainment
2024-02-04,Office Lunch,344,Food
2024-09-12,Medical Store Feb,1881,Shopping
2024-07-14,Petrol,8827,Transport
2024-04-07,Clothes Shopping,3455,Shopping
2024-09-01,Books Purchase Cash,2418,Education
2024-04-12,Stationery Mar,922,Education
2024-02-17,Netflix,946,Entertainment
2024-09-19,Petrol Cash,7610,Transport
2024-10-24,Mobile Package,389,Bills & Rent
2024-03-27,University Fee,15044,Education
2024-01-06,Chai Bill,119,Food
2024-07-17,Grocery Store,3052,Shopping
2024-12-01,Books Purchase,2585,Education
2024-12-18,Medicine Purchase Bill,455,Health
2024-07-22,Books Purchase,2701,Education
2024-12-06,Online Order,2252,Shopping
2024-03-04,Clothes Shopping,4003,Shopping
2024-11-27,Electricity Bill,8696,Bills & Rent
2024-05-28,Online Order,1399,Shopping
2024-02-09,Internet Bill Jan,2880,Bills & Rent
2024-02-22,Medical Store,939,Shopping
2024-11-29,Petrol Mar,3362,Transport
2024-01-25,Online Order,2341,Shopping
2024-02-20,Bus Ticket Payment,70,Transport
2024-04-27,Cinema,849,Entertainment
2024-01-14,Internet Bill,2822,Bills & Rent
2024-09-25,Gas Bill Feb,1948,Bills & Rent
2024-11-22,Petrol,8571,Transport
2024-09-15,Grocery Store Jan,3505,Shopping
2024-07-19,Medicine Purchase Cash,1473,Health
2024-07-27,Gas Bill,483,Bills & Rent
2024-02-29,Books Purchase Feb,1137,Education
2024-10-12,Water Bill,978,Bills & Rent
2024-03-26,Medical Store,2989,Shopping
2024-11-19,Petrol,4605,Transport
2024-11-20,Electricity Bill Mar,5160,Bills & Rent
2024-10-14,Online Order Mar,5640,Shopping
2024-09-24,Lab Test,3406,Health
2024-01-11,Medicine Purchase,1099,Health
2024-06-07,Medicine Purchase,885,Health
2024-08-06,Mobile Package,699,Bills & Rent
2024-05-23,Books Purchase,1411,Education
2024-01-28,Family Outing Bill,2142,Entertainment
2024-06-29,Online Order,1274,Shopping
2024-12-29,Clothes Shopping,3779,Shopping
2024-12-28,Books Purchase,2873,Education
2024-09-03,Lab Test Jan,3165,Health
2024-04-30,Shoes,2969,Shopping
2024-02-22,Gas Bill Online,1757,Bills & Rent
2024-03-28,Mobile Package,468,Bills & Rent
2024-05-18,Lab Test,2830,Health
2024-12-06,Internet Bill,2732,Bills & Rent
2024-08-07,Stationery,462,Education
2024-12-25,Electricity Bill,4899,Bills & Rent
2024-06-26,University Fee Monthly,12267,Education
2024-12-16,University Fee,22798,Education
2024-02-20,Doctor Visit Feb,2116,Health
2024-02-05,Doctor Visit,2714,Health
2024-05-03,Office Lunch,365,Food
2024-06-04,Home Groceries Jan,3390,Food
2024-02-29,Lab Test Cash,3752,Health
2024-06-04,Books Purchase,1308,Education
2024-12-18,Water Bill,1276,Bills & Rent
2024-05-02,Books Purchase,2271,Education
2024-03-27,Lab Test Bill,3693,Health
2024-05-29,Medicine Purchase,994,Health
2024-07-07,Family Outing,2573,Entertainment
2024-03-06,Bike Service Cash,1304,Transport
2024-12-30,Medicine Purchase Monthly,822,Health
2024-12-20,Doctor Visit,2015,Health
2024-02-09,Milk,162,Food
2024-04-28,Shoes,1569,Shopping
2024-04-29,Family Dinner,2033,Food
2024-04-08,Cinema,1144,Entertainment
2024-05-26,Clothes Shopping,4618,Shopping
2024-08-18,Lab Test,3592,Health
2024-01-21,Grocery Store,4895,Shopping
2024-06-20,University Fee Cash,13425,Education
2024-09-06,Books Purchase,2290,Education
2024-05-29,Bike Service,1223,Transport
2024-02-25,Clothes Shopping,3398,Shopping
2024-03-17,Petrol Monthly,6647,Transport
2024-06-04,Bus Ticket,44,Transport
2024-04-30,Rickshaw,235,Transport
2024-06-16,Cinema,1467,Entertainment
2024-06-06,Milk,159,Food
2024-07-29,Water Bill Payment,1470,Bills & Rent
2024-07-07,Medicine Purchase,2246,Health
2024-11-19,Lab Test,3336,Health
2024-11-16,Lab Test,1949,Health
2024-12-26,Cinema Mar,911,Entertainment
2024-12-05,Medicine Purchase Feb,2455,Health
2024-03-08,Cinema,923,Entertainment
2024-11-20,Netflix Payment,1008,Entertainment
2024-01-20,Books Purchase,2360,Education
2024-07-31,Gas Bill,940,Bills & Rent
2024-05-30,Milk,195,Food
2024-11-20,Bike Service,681,Transport
2024-05-17,Fruit Vendor Jan,759,Food
2024-10-18,Family Dinner Bill,1232,Food
2024-11-07,Books Purchase,1244,Education
2024-05-23,Gas Bill,685,Bills & Rent
2024-01-16,Lab Test Bill,3155,Health
2024-02-24,Shoes Online,3533,Shopping
2024-10-21,Stationery,613,Education
2024-04-25,Internet Bill,3075,Bills & Rent
2024-08-30,Gas Bill,1920,Bills & Rent
2024-12-04,Electricity Bill,11718,Bills & Rent
2024-12-28,Doctor Visit,2919,Health
2024-09-05,University Fee Feb,12108,Education
2024-05-23,Clothes Shopping,5074,Shopping
2024-12-22,Shoes Online,3950,Shopping
2024-09-28,Lab Test,3426,Health
2024-01-22,Internet Bill,2294,Bills & Rent
2024-04-19,Fruit Vendor,409,Food
2024-08-18,Lab Test,1933,Health
2024-12-24,Cinema,957,Entertainment
2024-08-23,Netflix,924,Entertainment
2024-10-30,Bike Service Mar,750,Transport
2024-01-30,Bike Service,898,Transport
2024-04-07,Internet Bill,3755,Bills & Rent
2024-12-10,Bike Service,1779,Transport
2024-09-11,Clothes Shopping Jan,3246,Shopping
2024-03-27,Shoes Payment,3320,Shopping
2024-11-08,Doctor Visit Jan,1715,Health
2024-04-28,Books Purchase,1349,Education
2024-12-18,Electricity Bill Monthly,8526,Bills & Rent
2024-04-13,Netflix,1223,Entertainment
2024-01-12,Medical Store,320,Shopping
2024-02-26,University Fee Payment,19826,Education
2024-08-17,Mobile Package,1489,Bills & Rent
2024-08-06,Internet Bill Feb,2537,Bills & Rent
2024-12-30,Bykea Ride,133,Transport
2024-06-28,Netflix Payment,1071,Entertainment
2024-04-27,Books Purchase,1877,Education
2024-05-31,Gas Bill,2269,Bills & Rent
2024-05-01,Clothes Shopping Cash,4152,Shopping
2024-08-19,Clothes Shopping,4912,Shopping
2024-03-03,Electricity Bill Mar,5709,Bills & Rent
2024-12-30,Online Order Feb,1040,Shopping
2024-06-10,Electricity Bill,7427,Bills & Rent
2024-04-25,Petrol,6264,Transport
2024-12-29,Clothes Shopping,2316,Shopping
2024-12-14,Family Dinner,2936,Food
2024-07-14,Bykea Ride,299,Transport
2024-04-10,Office Lunch,447,Food
2024-05-18,Medical Store,3185,Shopping
2024-08-11,Stationery,575,Education
2024-12-03,Bykea Ride,215,Transport
2024-02-03,Fruit Vendor,622,Food
2024-08-10,Family Dinner,2023,Food
2024-02-25,Bike Service Jan,1687,Transport
2024-03-10,Rickshaw,178,Transport
2024-11-03,Cinema Bill,795,Entertainment
2024-03-17,Cinema,1206,Entertainment
2024-11-17,Shoes,1643,Shopping
2024-09-15,Online Order,1450,Shopping
2024-03-10,Clothes Shopping Feb,4988,Shopping
2024-11-19,Mobile Package,459,Bills & Rent
2024-01-22,Bykea Ride Monthly,260,Transport
2024-05-15,Student Biryani,307,Food
2024-09-08,Family Outing,2799,Entertainment
2024-11-30,Family Outing,2373,Entertainment
2024-05-08,Medicine Purchase Cash,2606,Health
2024-02-03,Mobile Package,515,Bills & Rent
2024-02-01,Bykea Ride Mar,156,Transport
2024-09-04,Petrol,7928,Transport
2024-11-29,Family Outing Mar,2937,Entertainment
2024-11-06,Stationery,1137,Education
2024-03-10,Books Purchase,1186,Education
2024-11-23,Books Purchase,1339,Education
2024-04-11,Rickshaw Monthly,160,Transport
2024-04-07,Rickshaw,203,Transport
2024-03-06,Medicine Purchase,703,Health
2024-11-26,Shoes,3310,Shopping
2024-08-07,Rickshaw,142,Transport
2024-06-29,Rickshaw,178,Transport
2024-08-05,Netflix Monthly,995,Entertainment
2024-03-18,Shoes,2374,Shopping
2024-07-06,Petrol,4830,Transport
2024-08-06,Lab Test Monthly,1563,Health
2024-12-08,Cinema,611,Entertainment
2024-12-21,Stationery,738,Education
2024-09-14,Mobile Package,1023,Bills & Rent
2024-10-20,Bike Service Payment,1772,Transport
2024-07-19,House Rent,28893,Bills & Rent
2024-06-14,Family Outing Online,4153,Entertainment
2024-02-14,Clothes Shopping,5875,Shopping
2024-05-03,Cinema,1200,Entertainment
2024-02-21,Shoes Feb,3162,Shopping
2024-12-29,Medical Store Payment,3059,Shopping
2024-10-06,Cinema,1050,Entertainment
2024-10-21,Grocery Store Feb,7119,Shopping
2024-12-21,Grocery Store,4464,Shopping
2024-12-06,Bus Ticket,95,Transport
2024-04-02,University Fee Payment,13046,Education
2024-09-17,Clothes Shopping,5453,Shopping
2024-04-28,Bykea Ride,293,Transport
2024-12-24,Student Biryani,263,Food
2024-05-01,Bus Ticket,106,Transport
2024-09-12,Stationery Monthly,1073,Education
2024-09-09,House Rent Jan,23607,Bills & Rent
2024-06-22,House Rent,23530,Bills & Rent
2024-05-19,Books Purchase,1831,Education
2024-09-23,Internet Bill Monthly,2703,Bills & Rent
2024-06-23,University Fee Online,19751,Education
2024-12-05,University Fee,16948,Education
2024-09-22,University Fee,14814,Education
2024-12-22,Books Purchase,1778,Education
2024-03-09,Doctor Visit,2157,Health
2024-08-10,Lab Test,2839,Health
2024-11-27,Cinema,1133,Entertainment
2024-02-24,Gas Bill,1868,Bills & Rent
2024-11-22,Medical Store,1856,Shopping
2024-05-12,House Rent,39285,Bills & Rent
2024-08-15,Medicine Purchase,2731,Health
2024-08-09,Cinema,1440,Entertainment
2024-03-16,Chai,118,Food
2024-03-29,Netflix,1279,Entertainment
2024-03-29,Books Purchase Bill,2423,Education
2024-12-06,Water Bill Payment,1346,Bills & Rent
2024-10-30,Internet Bill,2715,Bills & Rent
2024-05-26,Gas Bill,2471,Bills & Rent
2024-09-21,Bykea Ride,224,Transport
2024-01-08,Netflix,1088,Entertainment
2024-02-15,Stationery,595,Education
2024-02-02,Grocery Store,2613,Shopping
2024-05-03,Bike Service,1556,Transport
2024-03-26,Rickshaw,131,Transport
2024-09-12,Lab Test Mar,1600,Health
2024-08-31,Lab Test Payment,3344,Health
2024-08-11,Petrol,8058,Transport
2024-12-13,Shoes,1750,Shopping
2024-11-23,Family Outing,2026,Entertainment
2024-12-19,Online Order,2463,Shopping
2024-08-02,Internet Bill,3911,Bills & Rent
2024-11-02,Clothes Shopping,3407,Shopping
2024-10-11,Bus Ticket,73,Transport
2024-01-06,Family Outing Online,4469,Entertainment
2024-12-22,Chai,86,Food
2024-10-01,Mobile Package,1165,Bills & Rent
2024-08-18,University Fee Jan,22038,Education
2024-02-08,Grocery Store,3584,Shopping
2024-01-26,Stationery,946,Education
2024-02-12,Stationery Cash,208,Education
2024-08-16,Stationery,616,Education
2024-09-15,University Fee Mar,14576,Education
2024-06-19,Doctor Visit,1407,Health
2024-05-05,Lab Test,1359,Health
2024-07-21,Internet Bill,3952,Bills & Rent
2024-08-24,Stationery,333,Education
2024-01-23,University Fee Feb,16392,Education
2024-10-31,Bykea Ride,156,Transport
2024-05-24,Gas Bill,734,Bills & Rent
2024-01-20,Home Groceries,3862,Food
2024-09-26,Online Order,3799,Shopping
2024-08-14,Student Biryani,272,Food
2024-09-12,Bus Ticket,118,Transport
2024-09-26,University Fee,16947,Education
2024-07-08,Lab Test,2176,Health
2024-07-16,Internet Bill Mar,2603,Bills & Rent
2024-11-23,Grocery Store Payment,6052,Shopping
2024-12-20,Milk,270,Food
2024-06-17,University Fee,9893,Education
2024-08-22,Cinema,1023,Entertainment
2024-07-15,Student Biryani,344,Food
2024-02-19,Bike Service,779,Transport
2024-05-02,Water Bill,1449,Bills & Rent
2024-11-23,Clothes Shopping,2444,Shopping
2024-09-06,Stationery Feb,896,Education
2024-11-07,Home Groceries,4306,Food
2024-03-26,Fruit Vendor,391,Food
2024-08-26,Petrol,6503,Transport
2024-03-28,Family Outing Payment,2723,Entertainment
2024-09-05,Bike Service,1574,Transport
2024-11-03,Online Order,2133,Shopping
2024-09-05,Medical Store Jan,1842,Shopping
2024-12-03,Online Order,1029,Shopping
2024-09-26,Bus Ticket,58,Transport
2024-07-23,Gas Bill,1743,Bills & Rent
2024-02-25,Rickshaw,106,Transport
2024-12-18,Cinema,835,Entertainment
2024-12-04,Doctor Visit,2009,Health
2024-07-12,Family Outing,3739,Entertainment
2024-04-21,Shoes,3563,Shopping
2024-09-06,Gas Bill,1391,Bills & Rent
2024-08-29,Shoes,2950,Shopping
2024-01-17,Medical Store Jan,900,Shopping
2024-12-27,Gas Bill,1728,Bills & Rent
2024-04-08,Cinema Online,1067,Entertainment
2024-11-04,Stationery Monthly,383,Education
2024-08-08,Stationery Jan,1084,Education
2024-07-14,University Fee,10872,Education
2024-10-10,Internet Bill Jan,3892,Bills & Rent
2024-06-07,Lab Test,2687,Health
2024-10-24,University Fee,18670,Education
2024-12-02,Clothes Shopping Jan,2645,Shopping
2024-07-22,Bike Service,703,Transport
2024-11-09,Milk,270,Food
2024-05-30,Doctor Visit,940,Health
2024-08-02,Bike Service Jan,1697,Transport
2024-10-13,Internet Bill,2423,Bills & Rent
2024-04-27,Rickshaw Payment,160,Transport
2024-07-29,Medicine Purchase,2031,Health
2024-07-31,Doctor Visit,845,Health
2024-09-26,Bykea Ride,256,Transport
2024-02-01,Doctor Visit Cash,1233,Health
2024-04-08,Family Outing Monthly,3500,Entertainment
2024-11-04,Books Purchase,1387,Education
2024-09-25,Online Order,3814,Shopping
2024-07-28,Internet Bill,3766,Bills & Rent
2024-01-06,Stationery,1080,Education
2024-04-05,Grocery Store,5034,Shopping
2024-04-06,Clothes Shopping Payment,3043,Shopping
2024-10-16,Electricity Bill,3909,Bills & Rent
2024-10-23,Home Groceries,3896,Food
2024-05-15,Bus Ticket,85,Transport
2024-01-26,Clothes Shopping Online,2707,Shopping
2024-08-05,Mobile Package Online,1393,Bills & Rent
2024-03-29,Medicine Purchase,752,Health
2024-09-17,Rickshaw Feb,188,Transport
2024-09-26,Bus Ticket,52,Transport
2024-08-17,Medical Store,1903,Shopping
2024-07-17,Stationery,508,Education
2024-06-30,Books Purchase,1534,Education
2024-06-29,Doctor Visit,2990,Health
2024-09-11,Student Biryani,299,Food
2024-10-16,Student Biryani,254,Food
2024-04-07,Grocery Store,5104,Shopping
2024-03-10,Bykea Ride,280,Transport
2024-05-26,University Fee Jan,14276,Education
2024-08-17,Rickshaw Cash,297,Transport
2024-05-29,Chai,146,Food
2024-05-15,Lab Test,2471,Health
2024-11-22,Cinema,1491,Entertainment
2024-08-10,Mobile Package,1336,Bills & Rent
2024-11-25,Books Purchase,2902,Education
2024-11-26,Bike Service,1698,Transport
2024-05-11,Medicine Purchase,2186,Health
2024-06-23,Gas Bill,1371,Bills & Rent
2024-07-31,Lab Test Bill,2714,Health
2024-08-17,Bike Service,731,Transport
2024-06-28,University Fee,15443,Education
2024-01-30,Medicine Purchase Payment,882,Health
2024-06-03,Family Outing,3916,Entertainment
2024-05-15,Cinema Jan,672,Entertainment
2024-04-22,Water Bill Online,390,Bills & Rent
2024-01-30,Gas Bill,2050,Bills & Rent
2024-05-17,Student Biryani,346,Food
2024-04-28,House Rent Bill,30425,Bills & Rent
2024-02-14,Family Outing,3980,Entertainment
2024-04-05,Chai Online,91,Food
2024-01-11,Cinema,683,Entertainment
2024-08-12,Shoes Payment,2637,Shopping
2024-05-16,Fruit Vendor,765,Food
2024-03-05,Clothes Shopping,3351,Shopping
2024-03-05,Clothes Shopping Mar,2644,Shopping
2024-11-25,Medicine Purchase,2035,Health
2024-03-09,Petrol,5209,Transport
2024-10-24,Medicine Purchase Jan,1501,Health
2024-05-14,Books Purchase Online,944,Education
2024-01-11,Stationery Monthly,877,Education
2024-02-20,Family Outing,4384,Entertainment
2024-03-22,Family Outing,2751,Entertainment
2024-06-02,Gas Bill,618,Bills & Rent
2024-09-03,Stationery Mar,950,Education
2024-11-20,Medicine Purchase,2612,Health
2024-02-04,Home Groceries,4942,Food
2024-05-17,Water Bill Online,911,Bills & Rent
2024-05-17,Bykea Ride,257,Transport
2024-09-26,Cinema Payment,785,Entertainment
2024-07-11,Rickshaw Online,157,Transport
2024-06-20,Electricity Bill,11412,Bills & Rent
2024-01-12,Water Bill Monthly,1322,Bills & Rent
2024-04-04,Electricity Bill Mar,3464,Bills & Rent
2024-08-03,Fruit Vendor,719,Food
2024-05-22,Bus Ticket,112,Transport
2024-09-15,Lab Test,1790,Health
2024-11-27,Online Order Jan,3708,Shopping
2024-01-06,University Fee,21694,Education
2024-11-08,Cinema,684,Entertainment
2024-01-27,Fruit Vendor,404,Food
2024-03-10,Rickshaw,196,Transport
2024-06-15,Netflix Feb,917,Entertainment
2024-02-26,Medical Store,1697,Shopping
2024-10-06,Water Bill,539,Bills & Rent
2024-06-30,Books Purchase,951,Education
2024-05-12,Internet Bill Cash,2288,Bills & Rent
2024-12-24,Lab Test,2434,Health
2024-09-27,Family Outing Payment,2710,Entertainment
2024-07-20,Netflix,937,Entertainment
2024-12-23,Books Purchase Monthly,851,Education
2024-06-23,Doctor Visit Monthly,1772,Health
2024-10-27,University Fee,9833,Education
2024-01-12,University Fee,15585,Education
2024-12-08,Petrol,7738,Transport
2024-01-04,Lab Test,2035,Health
2024-08-07,Stationery,402,Education
2024-06-10,Online Order Feb,1365,Shopping
2024-06-02,Rickshaw,243,Transport
2024-02-01,Books Purchase,2303,Education
2024-06-21,Medicine Purchase,1214,Health
2024-11-12,Bykea Ride Cash,213,Transport
2024-06-22,Bus Ticket,82,Transport
2024-10-05,Netflix,1204,Entertainment
2024-07-28,Fruit Vendor,475,Food
2024-08-30,Online Order,4043,Shopping
2024-05-31,Family Dinner Cash,2351,Food
2024-02-24,Medical Store,2348,Shopping
2024-06-26,Family Outing Bill,3754,Entertainment
2024-03-29,Lab Test,1775,Health
2024-01-24,Lab Test,2866,Health
2024-10-06,Bus Ticket,71,Transport
2024-06-23,Doctor Visit Feb,982,Health
2024-07-03,Gas Bill,1139,Bills & Rent
2024-12-03,Stationery Mar,764,Education
2024-07-14,Medicine Purchase,1950,Health
2024-01-03,Chai,81,Food
2024-03-03,Milk,205,Food
2024-07-04,Grocery Store,3378,Shopping
2024-12-22,Stationery Payment,923,Education
2024-01-31,Cinema Mar,1341,Entertainment
2024-12-08,University Fee,19332,Education
2024-10-28,Bike Service Jan,1313,Transport
2024-07-31,Online Order,1048,Shopping
2024-05-30,Bike Service,1254,Transport
2024-09-04,Grocery Store,5479,Shopping
2024-10-16,Medicine Purchase,1355,Health
2024-09-16,Gas Bill Feb,1304,Bills & Rent
2024-05-28,Books Purchase,2212,Education
2024-04-23,Grocery Store,5357,Shopping
2024-06-10,Bike Service Jan,1805,Transport
2024-04-06,Bus Ticket,54,Transport
2024-05-02,Petrol,6408,Transport
2024-06-14,Electricity Bill,7136,Bills & Rent
2024-11-10,Medicine Purchase,2556,Health
2024-08-30,Bykea Ride,287,Transport
2024-01-12,Electricity Bill,8906,Bills & Rent
2024-05-20,Doctor Visit,940,Health
2024-02-21,Bike Service,1186,Transport
2024-09-07,Chai,75,Food
2024-06-17,Clothes Shopping,4565,Shopping
2024-01-01,Fruit Vendor,747,Food
2024-02-19,Grocery Store,4485,Shopping
2024-12-29,Bus Ticket Monthly,92,Transport
2024-11-25,Netflix,1121,Entertainment
2024-08-24,Doctor Visit,855,Health
2024-12-07,Shoes,2261,Shopping
2024-09-12,Internet Bill,2143,Bills & Rent
2024-09-12,Rickshaw Online,126,Transport
2024-08-10,Books Purchase,2504,Education
2024-10-04,Books Purchase,2566,Education
2024-10-29,Home Groceries Bill,3485,Food
2024-04-25,Cinema Payment,867,Entertainment
2024-02-27,Bus Ticket,86,Transport
2024-10-16,Doctor Visit,2460,Health
2024-04-13,Student Biryani,283,Food
2024-11-24,Fruit Vendor,680,Food
2024-11-30,Books Purchase,1562,Education
2024-02-21,Bus Ticket,104,Transport
2024-08-11,Books Purchase Cash,2988,Education
2024-10-28,University Fee Feb,13128,Education
2024-12-23,Grocery Store Feb,6172,Shopping
2024-04-21,Water Bill,818,Bills & Rent
2024-09-04,Fruit Vendor Cash,765,Food
2024-06-20,Stationery,629,Education
2024-08-04,Fruit Vendor,399,Food
2024-05-25,Clothes Shopping,4911,Shopping
2024-09-13,Family Dinner Jan,1442,Food
2024-11-26,Gas Bill,2342,Bills & Rent
2024-01-28,Family Dinner,1894,Food
2024-03-14,Grocery Store,3514,Shopping
2024-10-05,Student Biryani,349,Food
2024-12-06,Shoes,1819,Shopping
2024-06-08,Bus Ticket,71,Transport
2024-10-09,Chai Monthly,136,Food
2024-07-15,Stationery,973,Education
2024-02-29,Online Order,1136,Shopping
2024-08-03,Lab Test,3360,Health
2024-12-17,Bike Service,1050,Transport
2024-09-23,Petrol,7745,Transport
2024-02-18,Netflix Jan,1157,Entertainment
2024-12-12,Grocery Store,4397,Shopping
2024-07-13,Office Lunch,255,Food
2024-02-29,Bus Ticket,61,Transport
2024-04-12,University Fee,19290,Education
2024-12-09,Lab Test,3466,Health
2024-06-13,Family Outing,4377,Entertainment
2024-09-29,Family Outing,1540,Entertainment
2024-02-11,Milk,176,Food
2024-08-26,Stationery Cash,653,Education
2024-03-31,Stationery,1033,Education
2024-02-06,Stationery,962,Education
2024-04-25,Netflix,994,Entertainment
2024-07-15,Family Outing,2344,Entertainment
2024-11-03,Stationery Monthly,281,Education
2024-03-15,Netflix,1155,Entertainment
2024-06-13,Student Biryani Mar,321,Food
2024-12-21,Medicine Purchase,2996,Health
2024-10-02,Medicine Purchase,308,Health
2024-10-08,Cinema,1414,Entertainment
2024-08-25,Water Bill,457,Bills & Rent
2024-07-30,Books Purchase Cash,1399,Education
2024-03-03,Family Outing,1973,Entertainment
2024-03-24,Family Dinner,2579,Food
2024-09-15,Stationery Feb,300,Education
2024-12-21,Netflix,1280,Entertainment
2024-09-02,Mobile Package,356,Bills & Rent
2024-08-13,Grocery Store,3327,Shopping
2024-12-13,Student Biryani Mar,247,Food
2024-12-27,Rickshaw,271,Transport
2024-09-11,Books Purchase,2974,Education
2024-07-22,Mobile Package Monthly,941,Bills & Rent
2024-12-01,Doctor Visit,2977,Health
2024-10-08,Bus Ticket Mar,75,Transport
2024-01-09,Family Dinner,2945,Food
2024-08-25,Stationery,557,Education
2024-09-19,Medical Store Online,2281,Shopping
2024-09-19,Lab Test,1926,Health
2024-08-30,Shoes Feb,1771,Shopping
2024-09-02,Stationery,901,Education
2024-12-25,University Fee,19289,Education
2024-11-25,Home Groceries,5946,Food
2024-04-02,Netflix,1248,Entertainment
2024-12-11,Online Order,3631,Shopping
2024-08-16,Grocery Store,7452,Shopping
2024-06-10,Lab Test,1853,Health
2024-01-06,Books Purchase Jan,1233,Education
2024-02-03,Mobile Package Online,1278,Bills & Rent
2024-07-02,Online Order,5457,Shopping
2024-09-09,Lab Test,1024,Health
2024-11-09,Rickshaw,194,Transport
2024-05-17,House Rent Online,39803,Bills & Rent
2024-06-19,Electricity Bill,3990,Bills & Rent
2024-08-03,Lab Test Cash,2732,Health
2024-11-28,Mobile Package,577,Bills & Rent
2024-02-25,Internet Bill,3411,Bills & Rent
2024-08-15,Lab Test Monthly,3365,Health
2024-04-03,Family Outing,3012,Entertainment
2024-03-09,Medicine Purchase,2820,Health
2024-11-08,Books Purchase,2067,Education
2024-05-03,University Fee,15269,Education
2024-04-05,Netflix,922,Entertainment
2024-04-22,Medical Store,2516,Shopping
2024-02-22,Grocery Store Payment,6530,Shopping
2024-06-03,Bus Ticket,42,Transport
2024-11-30,Medicine Purchase,361,Health
2024-09-18,Lab Test,1158,Health
2024-04-03,Family Outing Feb,2188,Entertainment
2024-03-06,Medicine Purchase Monthly,2837,Health
2024-04-25,Petrol,6219,Transport
2024-10-15,Office Lunch,391,Food
2024-12-08,Internet Bill Online,2186,Bills & Rent
2024-04-10,Rickshaw,160,Transport
2024-07-18,Netflix,1199,Entertainment
2024-09-06,Lab Test Feb,3390,Health
2024-04-13,Home Groceries Payment,3195,Food
2024-09-19,Cinema,860,Entertainment
2024-02-11,Netflix Bill,998,Entertainment
2024-09-23,Netflix Jan,1004,Entertainment
2024-03-30,Books Purchase Cash,1236,Education
2024-01-23,Lab Test Feb,3169,Health
2024-12-27,Grocery Store,5108,Shopping
2024-01-01,Medical Store,3135,Shopping
2024-02-06,Petrol,4300,Transport
2024-10-24,Fruit Vendor,491,Food
2024-07-11,Family Outing,3797,Entertainment
2024-06-03,Home Groceries,2052,Food
2024-06-11,Office Lunch Mar,449,Food
2024-04-08,Cinema Online,857,Entertainment
2024-04-04,Medical Store,3151,Shopping
2024-07-16,Grocery Store Feb,3386,Shopping
2024-01-19,House Rent,28436,Bills & Rent
2024-12-01,Milk,258,Food
2024-11-06,House Rent,35026,Bills & Rent
2024-09-23,Cinema,856,Entertainment
2024-12-21,Cinema,1208,Entertainment
2024-10-21,University Fee,24015,Education
2024-02-07,Stationery,672,Education
2024-10-01,House Rent,34673,Bills & Rent
2024-04-10,Online Order,5630,Shopping
2024-06-10,Electricity Bill,5676,Bills & Rent
2024-06-04,Doctor Visit,2076,Health
2024-04-07,Home Groceries Feb,4187,Food
2024-08-16,Medicine Purchase Jan,1358,Health
2024-09-11,Online Order,2406,Shopping
2024-01-14,Grocery Store,4454,Shopping
2024-12-27,Lab Test Monthly,2893,Health
2024-06-04,Online Order Mar,5318,Shopping
2024-07-19,Books Purchase,2571,Education
2024-05-02,Online Order,5852,Shopping
2024-10-31,Bus Ticket Online,102,Transport
2024-08-29,Petrol Cash,6561,Transport
2024-11-17,Books Purchase,1127,Education
2024-06-29,Shoes,1745,Shopping
2024-10-20,Stationery Monthly,708,Education
2024-07-02,Medicine Purchase,678,Health
2024-07-04,Stationery,1166,Education
2024-06-29,Family Outing Cash,2310,Entertainment
2024-08-16,Medicine Purchase,2462,Health
2024-04-19,Grocery Store Feb,6117,Shopping
2024-05-16,Home Groceries,3572,Food
2024-04-11,Medicine Purchase,1691,Health
2024-01-27,Books Purchase,2629,Education
2024-10-09,Grocery Store,6742,Shopping
2024-10-10,Shoes Online,2502,Shopping
2024-05-17,Medicine Purchase,342,Health
2024-11-13,Doctor Visit,2039,Health
2024-04-20,Family Dinner Feb,2778,Food
2024-12-10,Petrol,8782,Transport
2024-09-05,Doctor Visit,1686,Health
2024-03-09,Bike Service,1324,Transport
2024-02-18,Netflix,1150,Entertainment
2024-05-05,Lab Test Jan,2907,Health
2024-04-26,Mobile Package,971,Bills & Rent
2024-06-15,Office Lunch,264,Food
2024-10-18,Bykea Ride,243,Transport
2024-03-04,Shoes,2315,Shopping
2024-04-16,Medical Store,946,Shopping
2024-11-13,Water Bill,1206,Bills & Rent
2024-12-08,Bike Service,1751,Transport
2024-04-03,Medicine Purchase,606,Health
2024-06-29,Bike Service,1833,Transport
2024-03-29,Family Outing,2885,Entertainment
2024-01-01,Medicine Purchase,2668,Health
2024-11-04,Student Biryani,297,Food
2024-11-06,Grocery Store,5597,Shopping
2024-05-20,Rickshaw,185,Transport
2024-06-07,Cinema,1286,Entertainment
2024-11-06,Books Purchase,2842,Education
2024-01-09,Cinema,880,Entertainment
2024-08-28,Rickshaw,146,Transport
2024-11-03,Lab Test Online,3994,Health
2024-12-26,Bus Ticket,111,Transport
2024-01-20,Cinema Cash,1498,Entertainment
2024-08-12,Lab Test,3503,Health
2024-11-21,Medicine Purchase Online,2621,Health
2024-04-08,University Fee,9396,Education
2024-04-24,Lab Test Monthly,3959,Health
2024-05-03,Cinema,867,Entertainment
2024-04-10,Online Order,3971,Shopping
2024-08-24,Doctor Visit,1600,Health
2024-06-09,Netflix,1032,Entertainment
2024-04-03,University Fee,19185,Education
2024-01-26,Doctor Visit,2152,Health
2024-02-10,Family Outing Monthly,2411,Entertainment
2024-09-19,Petrol,5484,Transport
2024-01-12,Medicine Purchase,684,Health
2024-05-12,Bykea Ride Mar,222,Transport
2024-04-14,Petrol,3821,Transport
2024-06-11,Books Purchase,1982,Education
2024-10-26,Bykea Ride,231,Transport
2024-09-26,University Fee Online,9020,Education
2024-06-24,Medicine Purchase,1348,Health
2024-03-19,Cinema,746,Entertainment
2024-11-13,Stationery Jan,689,Education
2024-06-28,Grocery Store,7743,Shopping
2024-07-06,Medicine Purchase,1281,Health
2024-10-09,Family Outing,3401,Entertainment
2024-11-14,Family Outing,4068,Entertainment
2024-03-02,Home Groceries Jan,3207,Food
2024-11-02,Bike Service Monthly,755,Transport
2024-09-29,Electricity Bill,6960,Bills & Rent
2024-07-15,Doctor Visit,1259,Health
2024-12-19,Family Outing,2679,Entertainment
2024-02-07,Cinema,1029,Entertainment
2024-12-29,Mobile Package,658,Bills & Rent
2024-07-28,Family Outing Feb,3402,Entertainment
2024-09-17,Medical Store,2583,Shopping
2024-06-22,Mobile Package,955,Bills & Rent
2024-12-22,Medical Store,2352,Shopping
2024-12-12,Medicine Purchase,1421,Health
2024-09-28,Bus Ticket Feb,109,Transport
2024-01-06,Grocery Store,4486,Shopping
2024-07-26,Electricity Bill,5191,Bills & Rent
2024-04-10,Internet Bill,3277,Bills & Rent
2024-12-07,Milk,223,Food
2024-11-26,Bus Ticket,117,Transport
2024-08-01,Gas Bill Jan,1753,Bills & Rent
2024-03-28,Student Biryani,257,Food
2024-02-29,Medicine Purchase,938,Health
2024-06-18,Family Outing,1865,Entertainment
2024-04-08,Family Dinner,2522,Food
2024-10-16,Milk,233,Food
2024-12-18,Doctor Visit,1705,Health
2024-01-16,Medical Store Mar,3266,Shopping
2024-12-12,Netflix,1105,Entertainment
2024-06-09,Shoes,4293,Shopping
2024-01-18,Medicine Purchase,2877,Health
2024-10-30,Stationery Bill,623,Education
2024-01-04,Bike Service,1595,Transport
2024-10-28,Gas Bill Payment,1117,Bills & Rent
2024-09-25,Netflix Payment,927,Entertainment
2024-03-26,Lab Test,1948,Health
2024-11-18,Bike Service,1052,Transport
2024-10-20,Shoes,2021,Shopping
2024-07-28,Fruit Vendor Cash,678,Food
2024-01-15,Fruit Vendor,453,Food
2024-10-13,Student Biryani Payment,201,Food
2024-03-09,Clothes Shopping,4306,Shopping
2024-11-15,Bykea Ride,228,Transport
2024-12-01,Lab Test,3508,Health
2024-07-15,Medical Store,1181,Shopping
2024-07-30,Medicine Purchase,496,Health
2024-03-05,Books Purchase,2618,Education
2024-02-13,Grocery Store Feb,4624,Shopping
2024-11-17,Fruit Vendor,459,Food
2024-09-30,Online Order,2904,Shopping
2024-07-10,Family Outing,2745,Entertainment
2024-08-01,Lab Test Online,3758,Health
2024-08-05,Medicine Purchase,1100,Health
2024-04-30,Family Outing Feb,3178,Entertainment
2024-03-12,Mobile Package Jan,1011,Bills & Rent
2024-09-07,Bike Service,846,Transport
2024-03-31,Petrol,4638,Transport
2024-03-27,Clothes Shopping,3865,Shopping
2024-01-08,Family Outing Online,4303,Entertainment
2024-08-24,Bykea Ride,138,Transport
2024-08-30,Books Purchase,877,Education
2024-06-17,Books Purchase,2493,Education
2024-08-09,Rickshaw,181,Transport
2024-09-08,Family Outing,2545,Entertainment
2024-11-12,Netflix,1039,Entertainment
2024-02-02,Grocery Store Payment,5084,Shopping
2024-01-14,Gas Bill,1380,Bills & Rent
2024-06-30,Doctor Visit,2852,Health
2024-08-09,Bus Ticket Payment,111,Transport
2024-12-09,Bykea Ride,236,Transport
2024-11-15,Family Outing,4298,Entertainment
2024-03-04,Online Order,4821,Shopping
2024-10-03,Fruit Vendor,603,Food
2024-10-13,Family Outing,3211,Entertainment
2024-01-08,Internet Bill,3856,Bills & Rent
2024-01-13,Medicine Purchase,2701,Health
2024-12-07,Clothes Shopping,4967,Shopping
2024-03-30,Internet Bill Mar,2308,Bills & Rent
2024-07-31,Rickshaw Monthly,282,Transport
2024-08-18,Bykea Ride,123,Transport
2024-10-23,Chai Mar,106,Food
2024-01-25,Grocery Store,7564,Shopping
2024-05-07,Medicine Purchase,344,Health
2024-10-22,Family Outing,3465,Entertainment
2024-10-20,Office Lunch Cash,467,Food
2024-03-16,Doctor Visit Feb,1927,Health
2024-07-31,Books Purchase Jan,1963,Education
2024-06-16,Bus Ticket Jan,44,Transport
2024-03-10,Water Bill,1246,Bills & Rent
2024-06-08,Fruit Vendor Jan,741,Food
2024-09-06,Cinema,1343,Entertainment
2024-03-17,Milk,258,Food
2024-03-06,House Rent Jan,44823,Bills & Rent
2024-09-23,Bus Ticket Monthly,40,Transport
2024-08-16,Clothes Shopping,3985,Shopping
2024-08-07,University Fee,12151,Education
2024-02-03,Cinema,1277,Entertainment
2024-10-22,Online Order,1549,Shopping
2024-04-13,Bike Service,713,Transport
2024-07-23,House Rent Bill,23130,Bills & Rent
2024-07-06,Shoes Bill,4223,Shopping
2024-04-23,Mobile Package Feb,725,Bills & Rent
2024-09-09,Family Dinner,1405,Food
2024-10-20,Medicine Purchase,1910,Health
2024-02-18,Clothes Shopping,5044,Shopping
2024-04-11,Medical Store,2052,Shopping
2024-08-06,Lab Test,3510,Health
2024-06-13,Petrol,7052,Transport
2024-10-19,Stationery,906,Education
2024-07-31,Netflix,928,Entertainment
2024-12-16,Medicine Purchase,354,Health
2024-09-01,Clothes Shopping,5959,Shopping
2024-02-18,Books Purchase,2547,Education
2024-10-04,Netflix,1051,Entertainment
2024-06-20,Cinema Monthly,888,Entertainment
2024-03-30,Medical Store,2577,Shopping
2024-01-11,Stationery,314,Education
2024-08-18,Student Biryani Jan,348,Food
2024-05-20,University Fee,13527,Education
2024-04-09,Bike Service,831,Transport
2024-07-15,Mobile Package Online,1125,Bills & Rent
2024-02-17,Family Outing Feb,3547,Entertainment
2024-07-11,Netflix,941,Entertainment
2024-11-23,Stationery,289,Education
2024-09-18,Medical Store,2695,Shopping
2024-11-22,Cinema,832,Entertainment
2024-02-13,Medicine Purchase,1462,Health
2024-10-21,University Fee,19824,Education
2024-11-19,University Fee,9573,Education
2024-01-25,Student Biryani,305,Food
2024-11-27,House Rent,43236,Bills & Rent
2024-12-14,Books Purchase,2280,Education
2024-07-27,Mobile Package,927,Bills & Rent
2024-05-03,Rickshaw,140,Transport
2024-10-17,Medical Store,952,Shopping
2024-03-15,Clothes Shopping,5389,Shopping
2024-01-03,Medicine Purchase,2818,Health
2024-03-18,Doctor Visit,1551,Health
2024-11-26,Electricity Bill,9124,Bills & Rent
2024-08-11,Family Outing,1534,Entertainment
2024-07-03,Netflix,1260,Entertainment
2024-04-28,Lab Test,2079,Health
2024-07-06,Gas Bill,442,Bills & Rent
2024-11-22,Water Bill Monthly,647,Bills & Rent
2024-07-18,Books Purchase,1789,Education
2024-04-21,Family Dinner Mar,1966,Food
2024-07-16,Fruit Vendor Payment,396,Food
2024-03-25,University Fee Bill,21523,Education
2024-07-25,University Fee,20116,Education
2024-04-06,Family Dinner Bill,1700,Food
2024-05-08,Shoes Online,1824,Shopping
2024-01-27,Medicine Purchase,1963,Health
2024-01-14,Lab Test,3095,Health
2024-05-06,Books Purchase,1999,Education
2024-04-03,Fruit Vendor Bill,485,Food
2024-12-02,Medical Store Online,1156,Shopping
2024-02-21,Mobile Package Monthly,822,Bills & Rent
2024-11-07,Gas Bill Payment,2381,Bills & Rent
2024-04-03,Stationery Cash,230,Education
2024-05-12,Electricity Bill,5412,Bills & Rent
2024-08-15,Gas Bill,1981,Bills & Rent
2024-09-20,Cinema Payment,1384,Entertainment
2024-10-03,Cinema,949,Entertainment
2024-11-24,Bykea Ride Feb,169,Transport
2024-07-22,Bike Service,1899,Transport
2024-03-07,Bus Ticket,74,Transport
2024-02-22,Gas Bill Mar,2261,Bills & Rent
2024-07-04,Netflix,1186,Entertainment
2024-05-27,Bus Ticket Jan,77,Transport
2024-07-14,Doctor Visit,1477,Health
2024-05-06,Water Bill,471,Bills & Rent
2024-05-25,Chai,129,Food
2024-06-13,Cinema,667,Entertainment
2024-09-12,Cinema,1051,Entertainment
2024-07-21,Gas Bill,1123,Bills & Rent
2024-12-30,Student Biryani,318,Food
2024-10-20,Family Outing,1976,Entertainment
2024-10-15,Petrol,6241,Transport
2024-08-04,Student Biryani,244,Food
2024-10-09,University Fee Payment,22386,Education
2024-01-23,Gas Bill Online,640,Bills & Rent
2024-07-14,House Rent Monthly,25991,Bills & Rent
2024-09-17,Shoes,3056,Shopping
2024-04-04,Internet Bill,2010,Bills & Rent
2024-09-03,Rickshaw,224,Transport
2024-09-25,Electricity Bill,11387,Bills & Rent
2024-08-19,Medicine Purchase Monthly,1698,Health
2024-09-04,Bike Service,947,Transport
2024-05-06,Water Bill,1397,Bills & Rent
2024-07-28,Grocery Store Feb,4732,Shopping
2024-11-06,Bus Ticket Jan,94,Transport
2024-02-15,Student Biryani Mar,208,Food
2024-04-27,Lab Test Jan,3737,Health
2024-04-26,Shoes,3152,Shopping
2024-01-10,Fruit Vendor,731,Food
2024-11-16,Student Biryani Bill,321,Food
2024-03-16,Medicine Purchase,1136,Health
2024-12-18,Mobile Package,1292,Bills & Rent
2024-12-19,Bus Ticket,97,Transport
2024-12-07,Milk,199,Food
2024-08-06,Petrol,6889,Transport
2024-05-11,Internet Bill Feb,3358,Bills & Rent
2024-06-01,Doctor Visit,2295,Health
2024-10-23,Family Outing Online,1710,Entertainment
2024-06-02,Family Outing,4467,Entertainment
2024-09-08,Bike Service Feb,1238,Transport
2024-05-12,Petrol Cash,7084,Transport
2024-03-15,Mobile Package Cash,997,Bills & Rent
2024-08-19,Bike Service,819,Transport
2024-03-10,Medical Store Cash,761,Shopping
2024-03-23,Cinema,820,Entertainment
2024-01-26,University Fee Monthly,15828,Education
2024-08-23,Petrol,5787,Transport
2024-08-19,Mobile Package,1336,Bills & Rent
2024-12-08,Family Outing,3519,Entertainment
2024-01-03,Family Outing,3722,Entertainment
2024-04-17,Cinema Mar,777,Entertainment
2024-02-12,Office Lunch,452,Food
2024-08-28,Online Order,2409,Shopping
2024-08-04,Bike Service Online,1335,Transport
2024-01-22,University Fee,17266,Education
2024-08-10,Chai,80,Food
2024-08-07,Fruit Vendor Online,431,Food
